video_title, video_id, comments
funny movies recommend,T2hFpxIMXwM,New Comedy movies: https://www.youtube.com/watch?v=tpOp1ldThhg
funny movies recommend,T2hFpxIMXwM,"I've read the book that the first movie is based on. It was absolutely hilarious, I think the book is called ""Can you keep a secret?"" by Sophie Kinsella."
funny movies recommend,T2hFpxIMXwM,it's amazing
funny movies recommend,T2hFpxIMXwM,"On the plane she even made me want to die with how much she shared with him, I liked the movie but the second hand embarrassment killed me."
funny movies recommend,T2hFpxIMXwM,1. Can you keep a secret 2. Jexi 3. Blockers4. Night School 5. Instant family
funny movies recommend,T2hFpxIMXwM,Thank you üòò
funny movies recommend,T2hFpxIMXwM,¬†@Vaibhavraj Chouhan¬† konsa ac6a laga bhai
funny movies recommend,T2hFpxIMXwM,¬†@Vishwajeet Nand Yaduraj¬† night school he dekh paya hu .
funny movies recommend,T2hFpxIMXwM,Thanksssss
funny movies recommend,T2hFpxIMXwM,¬†@Vishwajeet Nand Yaduraj¬† dekh kaha se rhe bhai
funny movies recommend,T2hFpxIMXwM,¬†@Vaibhavraj Chouhan¬† my friend has the same photo fr whatsapp profile
funny movies recommend,T2hFpxIMXwM,¬†@Vishwajeet Nand Yaduraj¬† night school best he üòÇüòÇ
funny movies recommend,T2hFpxIMXwM,¬†@Arkeshan¬† üòÅüòÅ
funny movies recommend,T2hFpxIMXwM,¬†@P J¬† Telegram aap
funny movies recommend,T2hFpxIMXwM,¬†@P J¬† you can watch every movie their
funny movies recommend,T2hFpxIMXwM,U actually recommended me better movies than those big YouTube channel with 10 million sub I was bored of trying to find good movies you made me watch 2 movies I didn't even know thx
funny movies recommend,T2hFpxIMXwM,me too
funny movies recommend,T2hFpxIMXwM,can u recommend some actual comedy movies to watch? and also what movies in this video did u like??
funny movies recommend,T2hFpxIMXwM,Where you watch these movies?
funny movies recommend,T2hFpxIMXwM,¬†@P J¬† download kar bro
funny movies recommend,T2hFpxIMXwM,¬†@Sarang Gosavi¬† kaha se yrr
funny movies recommend,T2hFpxIMXwM,¬†@GhOstKillEr¬† I don't know if u care now anymore but Lexi was pretty jokes and I loved it
funny movies recommend,T2hFpxIMXwM,¬†@Avoniz Uchai¬† oh thx for your recommendation!
funny movies recommend,T2hFpxIMXwM,"¬†@GhOstKillEr¬† have u watched (the interview, long shot, war dogs, money ball, True story, Get him to the Greek, Peter rabbit, JoJo rabbit, daddy's home1&2, get hard, Planet of apes1&2&3,  maze runner 1&2&3 and Hunger games) I don't know if u have watched it but those are my recommend for u all of those are very good if u know other good movies let me know üòä"
funny movies recommend,T2hFpxIMXwM,"1. Can you keep a secret 2. Jexi 3. Blockers4. Night School 5. Instant family"
funny movies recommend,T2hFpxIMXwM,bruh im over here watching in 2x. Thanks  üëç
funny movies recommend,T2hFpxIMXwM,¬†@Hamidreza R_HHH¬† click on the 3 dots in the video and then click playback speed
funny movies recommend,T2hFpxIMXwM,"¬†@CallMePoison¬† thank you, I guess It's been 2 yrs since I started using YouTube but I never notice that üòÖ,Until recently"
funny movies recommend,T2hFpxIMXwM,¬†@CallMePoison¬† ‚ù§Ô∏è‚ò∫Ô∏è
funny movies recommend,T2hFpxIMXwM,"¬†@Hamidreza R_HHH¬† yeah no worries, glad I could help. (:"
funny movies recommend,T2hFpxIMXwM,Thanks
funny movies recommend,T2hFpxIMXwM,Sis Pat it is people like you that I pray abundance and prosperity to. Thank you Queen
funny movies recommend,T2hFpxIMXwM,"Thx for giving me an awesome time watching these movies, u got yourself a sub."
funny movies recommend,T2hFpxIMXwM,you're welcome ‚ù§
funny movies recommend,T2hFpxIMXwM,I swear every time im in a movie theater to watch a movie the previews of other movies seems more interesting the the movie I originally intend to watch
funny movies recommend,T2hFpxIMXwM,You nailed it. Thank you very much!
funny movies recommend,T2hFpxIMXwM,All of them were good thank you so much!
funny movies recommend,T2hFpxIMXwM,Instant family was a great recommendation just finished watching thanks
funny movies recommend,T2hFpxIMXwM,You know other films like instant family.. Cuz  I watched it and it was a wonderful movie..
funny movies recommend,T2hFpxIMXwM,"Kung Fu Hustle is the greatest underrated comedy ever made if not the best in my opinion I never laughed so much in my life : have you ever seen a fist this big ahh I'm almost afraid to hit you with it,üòÇüòÇüòÇ legendary movie watch it come back let me know what you think"
funny movies recommend,T2hFpxIMXwM,And Shaolin Soccer also by Stephen Chow
funny movies recommend,T2hFpxIMXwM,Deadpool is freaking hilarious as well
funny movies recommend,T2hFpxIMXwM,I finally found a film thank you SO much
funny movies recommend,T2hFpxIMXwM,3:53 the best part
funny movies recommend,T2hFpxIMXwM,Lmao so true I love when the alarm is like WAKE UP B
funny movies recommend,T2hFpxIMXwM,the best shows ever i havent watched all but by the traliers it looks so good
funny movies recommend,T2hFpxIMXwM,"wow the last movie seems wonderful, but all of these movies are good choice. thank you."
funny movies recommend,T2hFpxIMXwM,I was really looking for a movie to watch thanks dude ‚ù§Ô∏è‚ù§Ô∏è
funny movies recommend,T2hFpxIMXwM,"Rule never one: Never be manipulative, men will eventually find out and dump you, don't be toxic, don't harm people, be a good person."
funny movies recommend,T2hFpxIMXwM,Hahahahaha thats me after watching all of those I almost had a heart attack but thx
funny movies recommend,T2hFpxIMXwM,instant family should be a comedy ohh shit why am I crying
funny movies recommend,T2hFpxIMXwM,Bro the first one was one of the best movies I‚Äôve watched
funny movies recommend,T2hFpxIMXwM,were you watch it at
funny movies recommend,T2hFpxIMXwM,¬†@NcKl zay williams¬† on amazon
funny movies recommend,T2hFpxIMXwM,"With gratitude in my heart i want to say thank you for healing Dr. kwaloe on you tube, I am herpes negative now. keep saving lives Doc"
funny movies recommend,T2hFpxIMXwM,Thanks bro I‚Äôm probably never gonna watch these movies but I might!
funny movies recommend,T2hFpxIMXwM,I think Game night must be in the list
funny movies recommend,T2hFpxIMXwM,"Looks nice, will be added to the next videoüçø ty"
funny movies recommend,T2hFpxIMXwM,"list should be called: ""if you want to wonder how you have fallen so low"""
funny movies recommend,T2hFpxIMXwM,The trailers tell the whole story
funny movies recommend,T2hFpxIMXwM,I feel you. They shouldn't make trailers that long. Its like a summary of the movie lmao
funny movies recommend,T2hFpxIMXwM,"Instant family and Night school is goooood, thx u man"
funny movies recommend,T2hFpxIMXwM,Not sure how you hadn't seen them when they came out üòÇ. Good movie
funny movies recommend,T2hFpxIMXwM,yep
funny movies recommend,T2hFpxIMXwM,Learning heroes üòÇüòÇüòÇüòÇ üòÇ
funny movies recommend,T2hFpxIMXwM,Best wishes for anybody who read this comment!!
funny movies recommend,T2hFpxIMXwM,Jexi was ok to watch i liked it
funny movies recommend,T2hFpxIMXwM,Jexi is good no cap
funny movies recommend,T2hFpxIMXwM,How to fix the jexi problem: Get a phone that isnt the jexi brand
funny movies recommend,T2hFpxIMXwM,"Hmm, really üòÅ"
funny movies recommend,T2hFpxIMXwM,I been tryna look for comedy movies and i swear all these movies about love wtf has hollywood been during these past couple years
funny movies recommend,T2hFpxIMXwM,I'm gonna watch  night school
funny movies recommend,T2hFpxIMXwM,As soon as I saw Kevin Hard there i just clicked
funny movies recommend,T2hFpxIMXwM,üòÖ
funny movies recommend,T2hFpxIMXwM,How hard is he?ü§™ü§£
funny movies recommend,T2hFpxIMXwM,The first movie seems soooooo cheesy ü§¶‚Äç‚ôÇÔ∏è
funny movies recommend,T2hFpxIMXwM,4:58 oh liam's music that's a sign I'm just gonna watch that movie lolAny directioners here?
funny movies recommend,T2hFpxIMXwM,"Yeah, thanks nice selection, although maybe call this top 5 romantic comedy or something. Thanks though"
funny movies recommend,T2hFpxIMXwM,üçø‚ù§Ô∏è
funny movies recommend,T2hFpxIMXwM,Where can I watch those movies free ???
funny movies recommend,T2hFpxIMXwM,What are the names of all the movies?!
funny movies recommend,T2hFpxIMXwM,Nice movie
funny movies recommend,T2hFpxIMXwM,Better than watch mojo's list
funny movies recommend,T2hFpxIMXwM,The 3rd and 4th names can you say them ü•∞
funny movies recommend,T2hFpxIMXwM,Good boys is best üòú
funny movies recommend,T2hFpxIMXwM,"they don‚Äôt even make good comedy movies now like get hard, we‚Äôre the millers, vacation, and all those good ones"
funny movies recommend,T2hFpxIMXwM,I wish u would tell me what the movies r called
funny movies recommend,T2hFpxIMXwM,bro ive watched 4 of those movies
funny movies recommend,T2hFpxIMXwM,"first movie is dumb as hell, i had to actually turn it off halfway- i haven‚Äôt done that in forever to a movie bcuz i love finishing to the end but this movie was a waste of my time - can you keep a secret."
funny movies recommend,T2hFpxIMXwM,üò≥üòÇü§£
funny movies recommend,T2hFpxIMXwM,What is the name of the movie ???
funny movies recommend,T2hFpxIMXwM,It‚Äôs actually really good but the names of the movies can you say them üòä
funny movies recommend,T2hFpxIMXwM,I'm literally fucking Bored lol
funny movies recommend,T2hFpxIMXwM,Omg Derickü•∫‚ù§
funny movies recommend,T2hFpxIMXwM,i watched night schools and others i m comming for you.. :)
funny movies recommend,T2hFpxIMXwM,You are the best
funny movies recommend,T2hFpxIMXwM,lmao its derek from teen wolf
funny movies recommend,T2hFpxIMXwM,I am sick of these type of movies you guys should watch Superhero movie Featuring Drake bell
funny movies recommend,T2hFpxIMXwM,ü§£
funny movies recommend,T2hFpxIMXwM,Schindler‚Äôs list
funny movies recommend,T2hFpxIMXwM,What is the first movie called
funny movies recommend,o5OgxCsdjWE,"I loved Freaky so much. Especially when Josh said ""Great we're gonna get killed by murder Barbie."" üòÇ"
funny movies recommend,o5OgxCsdjWE,"I think it was "" Great! Leave me alone with a murder barbie"""
funny movies recommend,o5OgxCsdjWE,Where can I wantch Freaky?
funny movies recommend,o5OgxCsdjWE,This is a great list!
funny movies recommend,o5OgxCsdjWE,"1) Freaky2) The War With Grandpa3) Tom and Jerry4) I Care a Lot5) Hubie Halloween"
funny movies recommend,o5OgxCsdjWE,Thx
funny movies recommend,o5OgxCsdjWE,I came looking for this comment üòÇ‚Ä¶thanks
funny movies recommend,o5OgxCsdjWE,Thanks bro ü§ó
funny movies recommend,o5OgxCsdjWE,You are a good human
funny movies recommend,o5OgxCsdjWE,Thanks
funny movies recommend,o5OgxCsdjWE,Great list!
funny movies recommend,o5OgxCsdjWE,Vacation friends should be in this list.
funny movies recommend,o5OgxCsdjWE,"ty, it looks cool, will be added to the next videoü§úüèΩ"
funny movies recommend,o5OgxCsdjWE,All of these are awesome
funny movies recommend,o5OgxCsdjWE,"Acts 2:38‚ÄúThen Peter said unto them, Repent, and be baptized every one of you in the name of Jesus Christ for the remission of sins, and ye shall receive the gift of the Holy Ghost."
funny movies recommend,o5OgxCsdjWE,Get tf outta here
funny movies recommend,o5OgxCsdjWE,"""you're black, im gay , we're so dead"" AHAHAHAHAHA"
funny movies recommend,o5OgxCsdjWE,Ongüò≠
funny movies recommend,o5OgxCsdjWE,My middle school science teacher son was actually someone who worked on war with grandpa
funny movies recommend,o5OgxCsdjWE,thankss for the listtt !
funny movies recommend,o5OgxCsdjWE,"Nice lists, i'm will to watching this is movie."
funny movies recommend,o5OgxCsdjWE,Good list
funny movies recommend,o5OgxCsdjWE,hubie halloween was one of the worst movies i have ever watched
funny movies recommend,o5OgxCsdjWE,Grandpa war is the best also freaky
funny movies recommend,o5OgxCsdjWE,This is exciting
funny movies recommend,o5OgxCsdjWE,"You fucking bastard,you earned a sub and a like."
funny movies recommend,o5OgxCsdjWE,Thx for this it help
funny movies recommend,o5OgxCsdjWE,üçøNEW: https://youtu.be/tpOp1ldThhgFollow and like for more content ‚ù§Ô∏è1) Freaky2) The War With Grandpa3) Tom and Jerry4) I Care a Lot5) Hubie Halloween
funny movies recommend,o5OgxCsdjWE,Please edit no2 it's actually the war with Grandpa
funny movies recommend,o5OgxCsdjWE,I love the movie freaky tyy
funny movies recommend,o5OgxCsdjWE,2nd is wrong edit it
funny movies recommend,o5OgxCsdjWE,¬†@Mkwela Family¬† still waiting on that edit like üí§
funny movies recommend,o5OgxCsdjWE,¬†@üí´clementineüí´¬† I am also interested can you please tell me Where did you want from
funny movies recommend,o5OgxCsdjWE,¬†@Biju ¬† c movies! Its free! Also it has good quality! Hope i helped
funny movies recommend,o5OgxCsdjWE,I care a lot is not funny movie
funny movies recommend,o5OgxCsdjWE,"How is hubie halloween good, I dont think it is"
funny movies recommend,o5OgxCsdjWE,Nyee
funny movies recommend,o5OgxCsdjWE,What's the title in the first clip?
funny movies recommend,o5OgxCsdjWE,Freaky
funny movies recommend,o5OgxCsdjWE,bro where is the name of the movies
funny movies recommend,o5OgxCsdjWE,BookerrrrüòÇ
funny movies recommend,o5OgxCsdjWE,My uncle made this movie not even joking and if you think that‚Äôs a lie it‚Äôs not his name is Michael Kennedy
funny movies recommend,o5OgxCsdjWE,"1:00 "" You're black I'm Gae, We are so dead"""
funny movies recommend,o5OgxCsdjWE,where are the name of the movies tho?
funny movies recommend,o5OgxCsdjWE,Hire atractif woman to make unpopular girl üòëüôÑyeah rigth üòò
funny movies recommend,o5OgxCsdjWE,what is the name of first movie ??
funny movies recommend,o5OgxCsdjWE,Freaky
funny movies recommend,o5OgxCsdjWE,Amen
funny movies recommend,o5OgxCsdjWE,what is the first movie calleddddddd
funny movies recommend,o5OgxCsdjWE,really like
funny movies recommend,o5OgxCsdjWE,Thx
funny movies recommend,o5OgxCsdjWE,really stupid that u not mention the titles!!!!
funny movies recommend,o5OgxCsdjWE,Wait so where us the title?
funny movies recommend,o5OgxCsdjWE,what a horrible horrible line up of movies bro
funny movies recommend,o5OgxCsdjWE,do you have suggestions ?
funny movies recommend,o5OgxCsdjWE,What is it called
funny movies recommend,o5OgxCsdjWE,I care a lot is not comedy... Not even close
funny movies recommend,o5OgxCsdjWE,is it a good movie ??
funny movies recommend,o5OgxCsdjWE,¬†@Ma nel¬† yes its very good movie
funny movies recommend,o5OgxCsdjWE,"it was a very scary movie, freaky. I didn't gpr anything funny here. but it was a great movie!"
funny movies recommend,o5OgxCsdjWE,Title ff
funny movies recommend,o5OgxCsdjWE,What is the name of the movies!???!????????????((?)??!!!?
funny movies recommend,o5OgxCsdjWE,Jalnic
funny movies recommend,s0gdBeTqql8,What's your fav comedy of the last 20 years?!
funny movies recommend,s0gdBeTqql8,Anchorman for sure.
funny movies recommend,s0gdBeTqql8,Revenge of the sith.
funny movies recommend,s0gdBeTqql8,The democrat debates
funny movies recommend,s0gdBeTqql8,Has to be the last Indian election.
funny movies recommend,s0gdBeTqql8,Step Brothers
funny movies recommend,s0gdBeTqql8,Game night
funny movies recommend,s0gdBeTqql8,Grown-Ups or Ted
funny movies recommend,s0gdBeTqql8,The hangover
funny movies recommend,s0gdBeTqql8,Pineapple Express or this is the end.Central intelligence is up there for me
funny movies recommend,s0gdBeTqql8,Attack Of The Clones
funny movies recommend,s0gdBeTqql8,20. 0:38 - What We Do in the Shadows (2014)19. 1:29 - Walk Hard: The Dewey Cox Story (2007)18. 2:20 - Wet Hot American Summer (2001)17. 3:11 - This is the End (2013)16. 4:00 - Step Brothers (2008)15. 5:00 - 21 Jump Street (2012) 14. 5:48 - Bridesmaids (2011)13. 6:47 - Pineapple Express (2008)12. 7:34 - Mean Girls (2004)11. 8:21 - Tropic Thunder (2008)10. 9:13 - Zoolander (2001)09. 10:11 - The Grand Budapest Hotel (2014)08. 11:10 - Shaun of the Dead (2004)07. 11:58 - Napoleon Dynamite (2004)06. 12:46 - School of Rock (2006)05. 13:40 - The Hangover (2009)04. 14:24 - Superbad (2007)03. 15:22 - Borat (2006)02. 16:12 - The 40-Year-Old Virgin (2005)Honorable Mentions - 17:15 Game Night (2008)Zombieland (2009)Popstar: Never Stop Never Stopping (2016)Super Troopers (2001)MacGruber (2010)The Nice Guys (2016)01. 18:22 - Anchorman: The Legend of Ron Burgundy (2004)
funny movies recommend,s0gdBeTqql8,Welcome to the future
funny movies recommend,s0gdBeTqql8,"Thank you! I don‚Äôt actually like to watch the videos, I just like to see the list! Just one little thing... I think Game Night was released in 2018 not, 2008. Thx"
funny movies recommend,s0gdBeTqql8,Thank you. This way I will not be spoiled.
funny movies recommend,s0gdBeTqql8,We need more people like you in the world.
funny movies recommend,s0gdBeTqql8,The heroe we dont need but the horoe we deserve
funny movies recommend,s0gdBeTqql8,I can‚Äôt believe hot fuzz isn‚Äôt here that is a great movie!
funny movies recommend,s0gdBeTqql8,"I don't want to live in a world where What We Do In The Shadows is at place 20, and Hungover is even on the list."
funny movies recommend,s0gdBeTqql8,Thank you so much
funny movies recommend,s0gdBeTqql8,thanks man
funny movies recommend,s0gdBeTqql8,¬†@It‚Äôs Chris¬† it‚Äôs mentioned during Shaun Of The Dead
funny movies recommend,s0gdBeTqql8,Dodgeball is one of the most underrated comedy movies. Definitely should have at least been an honorable mention.
funny movies recommend,s0gdBeTqql8,I agree
funny movies recommend,s0gdBeTqql8,old school is not on here as well
funny movies recommend,s0gdBeTqql8,"Blade, Lazer.............Blazer"
funny movies recommend,s0gdBeTqql8,Yeah they should have dropped Wet Hot American Summer for Dodgeball IMO.
funny movies recommend,s0gdBeTqql8,Sam thing with austin powers
funny movies recommend,s0gdBeTqql8,"Old school, meet the parents are missing"
funny movies recommend,s0gdBeTqql8,Agreed
funny movies recommend,s0gdBeTqql8,¬†@Ehouse33¬† travesty that movie was hilarious. Will Ferrell was hilarious. Every time I hear Dust in the Wind I think of Old School.  You're my boy Blue
funny movies recommend,s0gdBeTqql8,Definitely agree along with Anchorman.
funny movies recommend,s0gdBeTqql8,My favorite movie of all time
funny movies recommend,s0gdBeTqql8,"""The Other Guys"" is seriously underrated. That movie deserves at least an honorable mention! AT LEAST!"
funny movies recommend,s0gdBeTqql8,I am a peacock you gotta let me fly !!
funny movies recommend,s0gdBeTqql8,Got to have little river band on
funny movies recommend,s0gdBeTqql8,Other guys isn‚Äôt underrated. Ok it wasn‚Äôt on the list that doesn‚Äôt mean underrated.
funny movies recommend,s0gdBeTqql8,Products of cheap high industrial pickup ornamental
funny movies recommend,s0gdBeTqql8,Boring movie
funny movies recommend,s0gdBeTqql8,True
funny movies recommend,s0gdBeTqql8,it should be second or third imo
funny movies recommend,s0gdBeTqql8,Looks like Scarface sneezed on your car
funny movies recommend,s0gdBeTqql8,Bye Shiela
funny movies recommend,s0gdBeTqql8,I love The Nice Guys. Have watched it twice. The chemistry of all characters is flawless in the movie. This really strange yet comedic movie deserved the honorable mention.
funny movies recommend,s0gdBeTqql8,We needed this during this time. Talladega Nights should have been top 15 but to not even get an honorable mention is questionable at best.
funny movies recommend,s0gdBeTqql8,Nico Cusimano eh. It‚Äôs funny but not as good as step brothers or anchorman
funny movies recommend,s0gdBeTqql8,"Mine is Office Space, since I can 90% relate to that. Relating to a movie and bringing it to comedy makes it my#1."
funny movies recommend,s0gdBeTqql8,Tropic Thunder is the movie that solidified RDJ as one of the greatest actors of all time for me
funny movies recommend,s0gdBeTqql8,Seriously
funny movies recommend,s0gdBeTqql8,Watch more movies
funny movies recommend,s0gdBeTqql8,Being an Indian even I approve the fact!!
funny movies recommend,s0gdBeTqql8,"Stannis The Mannis as a person who‚Äôs movie range spans from The Godfather to Halloween to Rocky, I‚Äôm pretty sure I‚Äôm well rounded. But thanks for your opinion on my life"
funny movies recommend,s0gdBeTqql8,"Kahlil Pittman so you really think he‚Äôs anywhere near Brando, Day Lewis, Olivier, De Niro, Pacino etc?"
funny movies recommend,s0gdBeTqql8,Lmao! Not even close. Rdj is a average actor.
funny movies recommend,s0gdBeTqql8,Stannis The Mannis have you not seen any of his earlier movies?
funny movies recommend,s0gdBeTqql8,Kahlil Pittman yes and he‚Äôs fine but no where near being an all time great. He can‚Äôt even touch the best of today (DiCaprio and Phoenix)
funny movies recommend,s0gdBeTqql8,Stannis The Mannis explain why you don‚Äôt think he‚Äôs great
funny movies recommend,s0gdBeTqql8,"Kahlil Pittman doesn‚Äôt have the range, screen presence, natural ability that can‚Äôt be taught, can‚Äôt carry an average/mediocre film etc"
funny movies recommend,s0gdBeTqql8,This Is The End is a cultural masterpiece. I can watch it over and over. Love Jay Baruchel but the one that makes this movie great is Danny McBride.
funny movies recommend,s0gdBeTqql8,I‚Äôm definitely going with This Is The End. I don‚Äôt think any movie has made me laugh harder. The Nice Guys is close though too.
funny movies recommend,s0gdBeTqql8,Bruh This Is The End is fucking hilarious 
funny movies recommend,s0gdBeTqql8,"I agree, this is the end is the holy grail of comedy film"
funny movies recommend,s0gdBeTqql8,It was the last great comedy movie of that time. Other than 22 Jump Street.
funny movies recommend,s0gdBeTqql8,I agree and borat for me
funny movies recommend,s0gdBeTqql8,"Notable omissions: Talladega Nights, Wedding Crashers, Old School, Life Aquatic, and Scott Pilgrim. Also, I would have put Hot Fuzz in over Shaun (I actually find SotD to be the weakest of the Cornetto Trilogy, though still damn great!)"
funny movies recommend,s0gdBeTqql8,I prefer Hot Fuzz as well
funny movies recommend,s0gdBeTqql8,"¬†@106andie¬† Hot Fuzz gives me a headache, Shaun of the Dead all day every day"
funny movies recommend,s0gdBeTqql8,"We're The Millers, 2013 is one of the funniest movies I have ever seen, it should be on the list.  I haven't met anyone who has seen it who hasn't thought it was one of the best comedies they have ever seen.  It is an overlooked movie."
funny movies recommend,s0gdBeTqql8,Agreed haven't laughed that much since office space
funny movies recommend,s0gdBeTqql8,"One of the last comedy movies that had a pair and studios still didn't care about triggering 10 snowflake liberals on Twitter, but it changed probably around 2015."
funny movies recommend,s0gdBeTqql8,Never has a movie made me laugh as much as Borat. It is in my opinion the best comedy movie ever.
funny movies recommend,s0gdBeTqql8,"I agree, BORAT 1 and BORAT 2 are so good"
funny movies recommend,s0gdBeTqql8,Thanks guys....we needed this list to binge watch in these times
funny movies recommend,s0gdBeTqql8,You know that.
funny movies recommend,s0gdBeTqql8,Preach
funny movies recommend,s0gdBeTqql8,John C. Reilly was comic gold in the 2000s. Happy to see they put Walk Hard on this list
funny movies recommend,s0gdBeTqql8,"I loved LITERALLY everything about this list... but I feel that instead of School of Rock, Nacho Libre would've been better. I'm the biggest fan of Jack Black and I cannot tell you how much of a cult classic Nacho Libre has on the youth and even the adult side. But this list? Way to go Watch Mojo... you too Rebecca from watch mojo"
funny movies recommend,s0gdBeTqql8,the wolf of wall street is not categorized as a comedy but  its funny as hell
funny movies recommend,s0gdBeTqql8,Drama/Comedy
funny movies recommend,s0gdBeTqql8,"I love #17, #11, Zombieland, and #1. But I‚Äôm a little surprised We‚Äôre The Millers didn‚Äôt make the list."
funny movies recommend,s0gdBeTqql8,"Pretty good list, but Super Troopers should be #1 and Role Models needs to be top 10."
funny movies recommend,s0gdBeTqql8,Who is here because they don‚Äôt know what else to watch for quarantine?
funny movies recommend,s0gdBeTqql8,Me
funny movies recommend,s0gdBeTqql8,Meeeee!
funny movies recommend,s0gdBeTqql8,Me
funny movies recommend,s0gdBeTqql8,Dude...
funny movies recommend,s0gdBeTqql8,Me
funny movies recommend,s0gdBeTqql8,Everyone
funny movies recommend,s0gdBeTqql8,Syaufi Shaharuddin me I saw every movie you can think of I‚Äôm really bored
funny movies recommend,s0gdBeTqql8,Well the search was what is best movie in Netflix
funny movies recommend,s0gdBeTqql8,Watch the Gentlemen movie it's amazing
funny movies recommend,s0gdBeTqql8,Syaufi Shaharuddin yup lol
funny movies recommend,s0gdBeTqql8,"I like the list, but Kung Fu Hustle and Scott Pilgrim deserve a spot on this list."
funny movies recommend,s0gdBeTqql8,‚ÄúI look like something you give your kid when you tell them grandma died‚Äù -Ted
funny movies recommend,s0gdBeTqql8,"As with just about every one of these Mojo lists that I've watched on YT, this one is maddening for some of its inclusions, exclusions, and rankings.  And, also keeping up tradition, what makes this list particularly irritating for me is that it DOES include a good number of my favorite comedies of that time block, which gives it credibility I can't easily repudiate; YET, I almost feel ashamed for agreeing with a good number of their choices, so annoyed am I with the aforementioned issues I have with it.  Ok, I must pick a bone here that I find wildly off the mark - the inclusion of the WILDLY overrated (by some) Napoleon Dynamite, and the complete shut out/oversight of the similarly oddball/eccentric Hot Rod, which I would absolutely rank among my 20 favorite comedies of ALL TIME.  Sorry, but I will always see ND as a movie that was swept up in a wave of hype that I still find difficult to comprehend, to this day.  The pacing was soooo leaden, and the characters were all one dimensional, anthropomorphized quirks, rather than believable human beings.  It is an odd movie, to say the least.  It just isn't genuinely funny.  Hot Rod, on the other hand, is hysterical.  It's one of a relatively small group of comedies which contain one or more scenes that had me literally gasping for oxygen, so hard was I laughing.  Sure, the motivations and actions could be seen as possessing an off-kilter, almost surreal eccentricity which in a sense can be seen as similar to that of ND, but the similarity ends there.  Hot Rod benefits hugely from its brilliant cast, filled with hilarious actors and comic conceptualists like Andy Samberg, Bill Hader, Will Arnette, and Danny McBride.  Damn, I've gone on waaay too long already.  If you haven't seen Hot Rod, just do it.  Watch it at least two or three times, just so you make sure you give it a chance, when you are in the right mood.  On first viewing, I liked it, but the second time was a revelation, for some reason.Oh, great work, Mojo people, choosing Tropic Thunder, a real contender for my all time favorite comedy, but then you went and fumbled it on the  five yard line by slating it at number eleven!  Way too low!  That movie is a layered, brilliant, amazingly hilarious work of cinematic art!  Robert Downey, Jr. gave a performance for the ages in what would have been a massively demanding role; everyone involved (yes, Tom Cruise and Matthew McConaughey both do hilarious work) did great, stunningly funny work.  Oh, and I can barely praise Justin Theroux and Ben Stiller enough for one of the smartest, funniest, and most inventive screenplays I've ever encountered.  Damn, I love that movie!Beyond that, I think Anchorman was a laudable number one pick - it's certainly in my top three, at least - and I strongly agree about Zoolander, Shaun of the Dead, and 40 Year Old Virgin, as well.  Really, I would have made room for Talladega Nights and Harold and Kumar Go to White Castle, but it was a good list, overall.  Oh, hold on - Wedding Crashers was fantastic!  Where was that?  Must give this more thought... I'll let myself out.  Bye, now.  (Minutes later): I hadn't looked at other comments before I posted, and now that I have, I just want to add my vote for The Other Guys, which is incredible on a number of levels, too.  That's one hilarious movie, and Wahlberg was SO great!  I loved that he was not the straight man, really; he was the really the super pissed off man, and was so funny delivering his uncontained rage that he actually came off as even funnier than Ferrell, though it was close.  ""I'm a peacock - you gotta let me fly!""  Awesome movie!!!"
funny movies recommend,s0gdBeTqql8,Idk
funny movies recommend,s0gdBeTqql8,"There are most certainly two that belong on this list far more than stoner films:  Dale and Tucker vs. Evil, and Rat Race."
funny movies recommend,s0gdBeTqql8,DALE AND TUCKER VS. EVIL IS SO GOOD! I forgot about it thanks for reminding me!
funny movies recommend,s0gdBeTqql8,"Great list, also loved Carell‚Äôs, The Incredible Burt Wonderstone."
funny movies recommend,s0gdBeTqql8,Such an underrated movie and Jim Carrey was perfect in it!
funny movies recommend,s0gdBeTqql8,"For all those who are high rn and searching. Let me save you some time:20 - What we do in the Shadows19 - Walk Hard18 - Wet Hot American Summer17 - This is the End16 - Stepbrothers15 - 21 Jump Street14 - Bridesmaids13 - Pineapple Express12 - Mean Girls11 - Tropic Thunder10 - Zoolander9 - The Grand Budapest Hotel8 - Shaun of the Dead7 - Napoleon Dynamite6 - School of Rock5 - The Hangover4 - Superbad3 - Borat2 - The 40 Year Old Virgin1 - AnchormanHonorable Mentions - Game Night, Zombieland, Popstar, Super Troopers, MacGruber, The Nice Guys."
funny movies recommend,s0gdBeTqql8,Thnx man.
funny movies recommend,s0gdBeTqql8,Thanks mate
funny movies recommend,s0gdBeTqql8,Not all hero‚Äôs wear capes 
funny movies recommend,s0gdBeTqql8,I‚Äôm loaded asf rn good lookin for that 
funny movies recommend,s0gdBeTqql8,Thank youuuu
funny movies recommend,s0gdBeTqql8,You're amazing
funny movies recommend,s0gdBeTqql8,Thanks brother
funny movies recommend,s0gdBeTqql8,Loyal
funny movies recommend,s0gdBeTqql8,Weed is a false sense of peace and Heaven turn back to Jesus Christ I'm no saint I quit weed 70 day's ago and cigarettes. I relapsed with the porn and masturbation after 47 day's clean and than fell again I'm now 49 day's clean  from EVERYTHING.   All glory to God .. I used to chief  all the time Blunts papers bongs all different types of Way's.  I felt God's love before and it's greater than weed you won't feel it all the time but one day you will for eternity no matter life's stresses and hardships to know you'll finally be home is the greatest feeling.
funny movies recommend,s0gdBeTqql8,"¬†@Jeshurun.144k¬† Sounds like weed isn't your problem bro.  Weed is literally medicine to millions.  You got darker demons than weed, and no magic sky sorcerer is going to fix that.  Just get a therapist.  Same thing."
funny movies recommend,s0gdBeTqql8,"Missing: We‚Äôre the Millers, Horrible Bosses, Wedding Crushers, Meet the Parents, Harrold and Kumar, Dodgeball."
funny movies recommend,s0gdBeTqql8,It‚Äôs a top 20... movies are gonna be left out
funny movies recommend,s0gdBeTqql8,Honorable Mention Gosling with Russell?
funny movies recommend,s0gdBeTqql8,¬†@Zuzu¬† The Royal Tennenbaums was a BORING ASS movie.
funny movies recommend,s0gdBeTqql8,NorbsWS horrible bosses shouldve been top 5
funny movies recommend,s0gdBeTqql8,Harold and Kumar is legendary
funny movies recommend,s0gdBeTqql8,¬†@Tiana Pi Tesr¬† the nice guys
funny movies recommend,s0gdBeTqql8,NorbsWS if you can dodge a wrench...
funny movies recommend,s0gdBeTqql8,"Of those listed, while many are funny movies, only Harold & Kumar is good enough to be a top 20."
funny movies recommend,s0gdBeTqql8,NO! THAT'S JUST WRONG. I don't even want to finish the list now 
funny movies recommend,s0gdBeTqql8,Anchorman Probably my favorite movie of all time. I was expecting it to be at like the 15-10 slot though. Then I started watching and it hadn‚Äôt showed up. By #2 I was like ‚Äúfine ok it‚Äôll get an honorable mention‚Äù. Then I saw it at 1. I flipped out
funny movies recommend,s0gdBeTqql8,"Love that Mean Girls is on the list, but Date Night (with Tina Fey and Steve Carrell) is another great movie."
funny movies recommend,s0gdBeTqql8,"Four Lions is one of the most underrated comedy movies. If you think The Dictator is great, you‚Äôve not seen Four Lions"
funny movies recommend,s0gdBeTqql8,I've seen 5 movies on this list and only liked 3 of them. I love Napoleon Dynamite. That's one of the best movies ever.
funny movies recommend,s0gdBeTqql8,Overall good list. A few I‚Äôm not a huge fan of personally. I would have liked to have seen Dodgeball on this list as well though.
funny movies recommend,s0gdBeTqql8,Leaving out Wedding Crashers is unforgivable
funny movies recommend,s0gdBeTqql8,...... I'm watching the list.... now.. .... are you fucking...KIDDING ME.....
funny movies recommend,s0gdBeTqql8,¬†@Flipo¬† 1999 bro
funny movies recommend,s0gdBeTqql8,¬†@christopher Mennell¬† you mean 2005.
funny movies recommend,s0gdBeTqql8,"No doubt in my mind that modern classics like Borat, Step Brothers & Anchorman would be on the list but to put Zoolander at such a low spot as #10 is a minor travesty. However it's nice to see movies like Budapest Hotel & Shaun of The Dead on the list, really loved the style of Budapest and Shaun is a classic that you can watch a couple of times a year without getting tired of it."
funny movies recommend,s0gdBeTqql8,The Nice Guys (2016) totally killed me.. couldn't stop laughing. Didn't know how funny Ryan Gosling was
funny movies recommend,s0gdBeTqql8,The Johnny English series is damn hilarious....
funny movies recommend,s0gdBeTqql8,Way to good to be mentioned in this list
funny movies recommend,s0gdBeTqql8,Dude I Just Finished (5 mins ago) Watching The Last Part of Johnny English and This Is The Reason Why I'm Here 
funny movies recommend,s0gdBeTqql8,Everyone's sleeping heavily on the scary movie franchise they were fucking legendary
funny movies recommend,s0gdBeTqql8,This is probably the first time i agreed with the number 1 Side note this got to be the craziest movie to be made when it started with them being stranded on a mountain fighting monkeys that throw ninja stars 
funny movies recommend,s0gdBeTqql8,Wedding Crashers should have been on the list. Super Troopers should have had more than an honorable mention. Did I miss Horrible Bosses?
funny movies recommend,s0gdBeTqql8,Harold and Kumar and a Grandma‚Äôs Boy should definitely be on this list!
funny movies recommend,s0gdBeTqql8,I agree and also paul
funny movies recommend,s0gdBeTqql8,"People will always have different opinions on humor/comedy, that's just how it will always be. On this list, there are some that I agree with, don't agree with, and I would've changed the rankings of some as well. I'm glad Super Troopers was honorably mentioned, but it should have been on the actual list. Movies (Since 2000) that I feel should have either been on the list or at the very least honorably mentioned are (in no particular order):Old SchoolWedding CrashersThe Other GuysDodgeballYour HighnessForgetting Sarah MarshallHorrible BossesGrandma's BoyMeet the ParentsHonestly, there needs to be a Top 50 list since there are so many great comedies."
funny movies recommend,s0gdBeTqql8,I feel that Wedding Crashers should've at least been in the honorable mentions don't ya think?
funny movies recommend,s0gdBeTqql8,How does Austin Powers NOT make the top 20?!! Y‚Äôall had 3 movies to pick from. That trilogy was a cultural phenomenon! Bad Santa and Dodgeball are glaring omissions as well; riotously funny stuff.
funny movies recommend,s0gdBeTqql8,"Old Skool, How High and Harold and Kumar are in my personal top 10. With ""Who made the Potatoe Salad?"", and ""Step Brothers"" tied as my 1#."
funny movies recommend,s0gdBeTqql8,"How did you leave off the list some of the truly best movies of the century, comedy or otherwise?4) How High3) The Harold and Kumar films2) Clerks 21) Jay & Silent Bob Strike Back and Jay & Silent Bob Reboot"
funny movies recommend,s0gdBeTqql8,It's nice to see Popstar mentioned even if it was an honorable mention.  I would have swapped Zoolander out for Dodgeball though. Stepbrothers gets my top spot
funny movies recommend,s0gdBeTqql8,"In my opinion, ""Gun Shy"" would have to beat out 75% of the list.  I know it came out in 2000, but too many people consider that the first year of this century.  Too many of the others took me back to my much-hated middle school days."
funny movies recommend,s0gdBeTqql8,"Funny not a single Kevin Hart, Adam Sandler, or Jim Carrey film on the list lol"
funny movies recommend,s0gdBeTqql8,Glad to see it was on the honorable mentions but The Nice Guys should of definitely made the main list that movie had me in stitches
funny movies recommend,s0gdBeTqql8,A Million Ways to Die in the West (2014)  is one of the greatest comedy on my opinion
funny movies recommend,s0gdBeTqql8,"How is this list so drastically different than the recent ""Top 10 comedies of the 2010s and 2000s""?"
funny movies recommend,s0gdBeTqql8,Dodgeball is one of the best comedies of all time. Criminally underrated
funny movies recommend,s0gdBeTqql8,"I actually called the top three, with Anchorman as 1.  As proud as I feel, I am humbled about Ross Tanenbaum below me.  He is so right."
funny movies recommend,s0gdBeTqql8,"One of my favorites is ""Eurotrip."" Maybe it is a guilty pleasure movie, but I just love every part of it. Plus, we got ""Scotty Doesn't Know"" which is just a fun song."
funny movies recommend,s0gdBeTqql8,"My favorite comedy of the last 20 years is legally blonde, I know it‚Äôs crazy girlish and the humor maybe too simple and cute but It made laugh out loud so much."
funny movies recommend,s0gdBeTqql8,"There‚Äôs just so many great comedies you have to leave some off. Dodgeball, Wedding Crashers, Role Models, Harold & Kumar franchise, Horrible Bosses, Hot Tub Time Machine. I know even I‚Äôm missing a bunch"
funny movies recommend,s0gdBeTqql8,Can't find anymore comedy films like these today. Those were the best years for comedy movies.
funny movies recommend,s0gdBeTqql8,"Salute to all the Paul Rudd on this list, including the awesome Brian Fantana at #1! "
funny movies recommend,s0gdBeTqql8,"I'm surprised ""Bad Words"" wasn't in the list. That movie is amazing!"
funny movies recommend,s0gdBeTqql8,"Another comedy that flies under the radar is Down With Love, starring Rene Zellweger and Ewan McGregor"
funny movies recommend,s0gdBeTqql8,MXC deserves to be a entry it took a old Japanese game show and turned it into a cult classic still love it
funny movies recommend,7YxRZu7ICgg,Which comedy pleasantly surprised you the most?
funny movies recommend,7YxRZu7ICgg,"Sausage Party. It was ridiculously inappropriate, but way funnier than I thought it would be."
funny movies recommend,7YxRZu7ICgg,2 days ago
funny movies recommend,7YxRZu7ICgg,Due Date is an underrated classic
funny movies recommend,7YxRZu7ICgg,Paddington
funny movies recommend,7YxRZu7ICgg,Me 21 and 22 jump street
funny movies recommend,7YxRZu7ICgg,White chicks definitely white chicks. The wayans brothers haven't exactly made a whole bunch of movies that i've enjoyed but i was so surprised at how funny and enjoyable white chicks was. I'm writing this as i paused the video during the honourable mentions. Let's see what's number 1.
funny movies recommend,7YxRZu7ICgg,Also easy a love that one. I thought it was going to be very formulaic it was not. And the parents were super hillarious.
funny movies recommend,7YxRZu7ICgg,Midnight express
funny movies recommend,7YxRZu7ICgg,Zombieland. I love the movie so much!!!!
funny movies recommend,7YxRZu7ICgg,Hitman's Bodyguard. I definitely wasn't prepared for how funny that movie was.
funny movies recommend,7YxRZu7ICgg,Great list. I was well and truly surprised by 21 jump street when I first saw it. I was laughing so hard watching it.
funny movies recommend,7YxRZu7ICgg,"Game Night is one of the best comedies released in the 2010s.  The cast's chemistry is great, and the jokes hold up to multiple viewings."
funny movies recommend,7YxRZu7ICgg,"As always, awesome list! At first I was thinking to myself, ""self, I can't even think of ten movies that exceeded my expectations."" However, you guys are all very good at what you do and hit 10 nails directly on the head! I'm even willing  to bet that you can make more lists with the same subject. Keep up the good work!"
funny movies recommend,7YxRZu7ICgg,So no one's talking about how super bad isn't on the list
funny movies recommend,7YxRZu7ICgg,Was thinking it was gonna be number one:(
funny movies recommend,7YxRZu7ICgg,Wow cant believe that wasnt on the list. It's an instant classic.
funny movies recommend,7YxRZu7ICgg,I thought it was overrated and pretty tone deaf
funny movies recommend,7YxRZu7ICgg,I feel like that one was expected to be good
funny movies recommend,7YxRZu7ICgg,List is unexpected funny movies. Superbad was advertised as comedy but definitely surpassed any expectations
funny movies recommend,7YxRZu7ICgg,Brynden Rivers lol how is it tone deaf? It‚Äôs like the exact opposite of tone deaf. It‚Äôs by far the most realistic depiction of what high school is actually like.
funny movies recommend,7YxRZu7ICgg,"It was after 40 year old virgin, it's made by same folks, so expection was high"
funny movies recommend,7YxRZu7ICgg,I know right that movie is funny as shit
funny movies recommend,7YxRZu7ICgg,One of the best comedies
funny movies recommend,7YxRZu7ICgg,"It‚Äôs because everyone knew it was going to be good. After the success of The 40-year Old Virgin, everyone knew Judd Apatow‚Äôs next movie was gonna be awesome"
funny movies recommend,7YxRZu7ICgg,"To me, the 40 year old virgin will always be the perfect type of comedy because it tells such a strong and touching story that also has hilarious jokes which aren‚Äôt meant to be superior to the narrative"
funny movies recommend,7YxRZu7ICgg,I‚Äôve never laughed harder than the first time I saw 21 jump street. I tricked my dad into taking me because he didn‚Äôt know it was rated R and as a 12 year old it was awesome. That will truly go down as a classic.
funny movies recommend,7YxRZu7ICgg,"Walk Hard is amazing. The comedy, the freaking music is 100% amazing, and nearly every scene perfectly displays the years through which Dewey's life runs through."
funny movies recommend,7YxRZu7ICgg,10. Game night09. The 40year old vergin08. Beetle  juice07. Zombie land06. Girls trip05. Mean girls04. 21 Jump street03. Harold and Kumar go to white castle02. Jumanji:welcome to the jungle (2017)01. Napoleon Dynamite
funny movies recommend,7YxRZu7ICgg,Thanks
funny movies recommend,7YxRZu7ICgg,Yes
funny movies recommend,7YxRZu7ICgg,Spoilers
funny movies recommend,7YxRZu7ICgg,Haven‚Äôt seen Girl‚Äôs Trip or Game Night or Mean Girls but I love the rest
funny movies recommend,7YxRZu7ICgg,Merci
funny movies recommend,7YxRZu7ICgg,¬†@Amelia C¬† huh?
funny movies recommend,7YxRZu7ICgg,¬†@Tech2000¬† u gotta watch mean girls it‚Äôs a classic
funny movies recommend,7YxRZu7ICgg,Thanks mate
funny movies recommend,7YxRZu7ICgg,Thanks
funny movies recommend,7YxRZu7ICgg,mad respect
funny movies recommend,7YxRZu7ICgg,We need a part 2 now! Loved this list.
funny movies recommend,7YxRZu7ICgg,I was really impressed by Game Night. My husband and I were surprised at how well it turned out.
funny movies recommend,7YxRZu7ICgg,Im happy to see Game Night get recognition! Absolutely hilarious ride!
funny movies recommend,7YxRZu7ICgg,Loved it!
funny movies recommend,7YxRZu7ICgg,"I'm surprised Mean Girls wasn't at least in the top 3, there are countless meme pages that quote the movie and a lot of people still use Tina Fey's iconic lines from the film in real life. Not to mention it was such a hit that it got a spot on Broadway"
funny movies recommend,7YxRZu7ICgg,Not funny
funny movies recommend,7YxRZu7ICgg,There are countless meme pages that quote Will Ferrel movies. Even tho they are not funny.
funny movies recommend,7YxRZu7ICgg,We are the Millers had me and the wife rolling. Never expected it to be as funny as it was. Bridesmaids was piss yourself funny too.
funny movies recommend,7YxRZu7ICgg,I remember laughing a lot during We are the Millers!  I'll have to watch it again!
funny movies recommend,7YxRZu7ICgg,what? it sucks
funny movies recommend,7YxRZu7ICgg,"for me, ""parent trap"" is the best comedy movie ever because it has a really good storyline or plot, and i still couldn't find a comedy movie better than parent trap until today"
funny movies recommend,7YxRZu7ICgg,"Gotta say, Popstar Never Stop Never Stopping should at least be an honorable mention, and Election (1999) should be pretty high because of how it completely subvrts expectations. But Napoleon Dynamite is a fitting number one."
funny movies recommend,7YxRZu7ICgg,"Jumanji 2017 had me crackin' up hardcore! Jack Black was a nice surprize and each actor did an AMAZING job playing each character! I really wasn't expecting much after standing at Redbox for 5 minutes looking for one of the few movies I hadn't seen and finally settled with this! Jumanji (2019) was pretty darn funny, too!"
funny movies recommend,7YxRZu7ICgg,21 Jump Street for me. I didn‚Äôt think it would be that good. Ended up being one of my favorite comedies. Can just throw it on Netflix and watch it without thinking it‚Äôs a waste
funny movies recommend,7YxRZu7ICgg,"Hot tub time machine had absolutely no reason to be as good as it was, yet there we are"
funny movies recommend,7YxRZu7ICgg,It‚Äôs SO STUPID XC watched it like 8 times
funny movies recommend,7YxRZu7ICgg,Well the cast is mostly comedians so I did see it coming..and I do love it as well
funny movies recommend,7YxRZu7ICgg,üëç agreed
funny movies recommend,7YxRZu7ICgg,It was alright
funny movies recommend,7YxRZu7ICgg,"Especially 40 Old Virgin. It was a surprisely warm, funny, funny and great movie. Thoroughly enjoy the movie"
funny movies recommend,7YxRZu7ICgg,Spy was so underrated. Jason Statham stole every scene he was in. Wish they make a sequel soon.
funny movies recommend,7YxRZu7ICgg,Didn‚Äôt expect to see NP at all much less as #1. I first saw it in a dollar theater not knowing anything about it and felt like a new person coming out of the theater. Movies like this are refreshing and give me hope for society and filmmaking.
funny movies recommend,7YxRZu7ICgg,Great list! I would have also included Pineapple Express and Tropic Thunder.
funny movies recommend,7YxRZu7ICgg,"The first ‚ÄòKingsmen‚Äô movie was a bit of a surprise. The second one, not so much"
funny movies recommend,7YxRZu7ICgg,The Second one just A trash
funny movies recommend,7YxRZu7ICgg,¬†@RITTLE ROUGE¬†the story is not that good in part 2 but the action seen on that one is dope
funny movies recommend,7YxRZu7ICgg,¬†@RITTLE ROUGE¬† it's not that fucking bad.
funny movies recommend,7YxRZu7ICgg,Its not a comedy
funny movies recommend,7YxRZu7ICgg,but the fighting scene on the second one was dope
funny movies recommend,7YxRZu7ICgg,Hey? What‚Äôs going on with you
funny movies recommend,7YxRZu7ICgg,"I don‚Äôt know how big it was expected to be, but Tropic Thunder is probably the funniest movie I‚Äôve ever seen."
funny movies recommend,7YxRZu7ICgg,"Napoleon Dynamite is a classic, seeing those clips gave me nostalgia"
funny movies recommend,7YxRZu7ICgg,The first time I caught you within minutes
funny movies recommend,7YxRZu7ICgg,since no one said it yet and someone has to do itwhy are you everywhere?
funny movies recommend,7YxRZu7ICgg,"¬†@JM Uchiha¬† I meanTechnically, the guy above you recognized him"
funny movies recommend,7YxRZu7ICgg,Hii again  you are everywhere  i go.
funny movies recommend,7YxRZu7ICgg,Napoleon dynamite is one worst movies ive seen its boring not funny
funny movies recommend,7YxRZu7ICgg,Really?  That movie made me cringe watching it... It literally made me embarrassed to be of the same species as those who made the film and acted in it
funny movies recommend,7YxRZu7ICgg,That movie sucks
funny movies recommend,7YxRZu7ICgg,Am I the only person on planet earth that DIDNT think napoleon dynamite was funny. I respect its influence and such but it never once made me laugh.
funny movies recommend,7YxRZu7ICgg,¬†@TCY¬† i dont think its funny ethier its boring i give it a 1 because of the dance scene
funny movies recommend,7YxRZu7ICgg,Game Night is one of my favorite comedies and I'm still trying to figure out how Spy got beat by The Martian for the Golden Globe best comedy
funny movies recommend,7YxRZu7ICgg,"¬†@Richti Filmpalast¬† i havent watched game night but u should stfu and gtfo, people have diffrent taste on movies and what they find funny"
funny movies recommend,7YxRZu7ICgg,‚ÄúDad I‚Äôm a lesbian‚Äù holds her hand ‚ÄúWhat does your mom think‚Äù killed me
funny movies recommend,7YxRZu7ICgg,Dumb ? What show is that
funny movies recommend,7YxRZu7ICgg,"¬†@RAIDER T¬† ""the blockers""   her dad knew it already...."
funny movies recommend,7YxRZu7ICgg,I even kenw it before she came out blockers is funny ass movie
funny movies recommend,7YxRZu7ICgg,"¬†@Rohit Chabukswar¬† he didn't know....he just accepted it, since he'd been trying to find a way to get closer/get connection with her, he let it be.....then knowing his mom doesn't know yet, he was thrilled she finally let him in, was the first to know/they're special moment"""
funny movies recommend,7YxRZu7ICgg,¬†@version2media¬† watch the  movie again ...
funny movies recommend,7YxRZu7ICgg,"¬†@version2media¬† don't know if you speak the language, but her dad specifically told the other parents on atleast 2 separate occasions that he was very aware of the fact that his daughter was gay."
funny movies recommend,7YxRZu7ICgg,"I took my nephews to se Jumanji Welcome to the Jungle and I was waiting to hate it lots, but I got surprised because it was so entertaining and easy to watch and enjoy. The last one was good too."
funny movies recommend,7YxRZu7ICgg,How is the hangover not #1. No one expected that hit to be made.. crazy
funny movies recommend,7YxRZu7ICgg,Or Superbad
funny movies recommend,7YxRZu7ICgg,That wasn't the title of the video. They had an all star cast. I see certain actors & I just assume the movie will be good.
funny movies recommend,7YxRZu7ICgg,¬†@Chechino¬† what? Superbad was getting credit just from the trailers. Everyone knew it was gonna be hilarious
funny movies recommend,7YxRZu7ICgg,Zombieland 2 Double-tap is also pretty funny.  Decent franchise.
funny movies recommend,7YxRZu7ICgg,"Road trip, euro trip, grandmas boy, strange wilderness and blades of glory..the late 2000s were a treasure chest for stoney flicks.."
funny movies recommend,7YxRZu7ICgg,BRUH! EURO TRIP AND GRANDMA‚ÄôS BOY! üî• thrrrowback
funny movies recommend,7YxRZu7ICgg,"Strange Wilderness for sure!!!!! I didn't expect to laugh my ass off as much as I did during that one. Steve Zahn, Allen Covert & Justin Long were perfect. I still quote that movie with my brother."
funny movies recommend,7YxRZu7ICgg,"21 and 22 Jump street were hilarious, also my in opinion Zombie Land is one of the more realistic zombie movies there is And the movie Let's Be Cops was funny"
funny movies recommend,7YxRZu7ICgg,Napoleon dynamite was one of the first movies me and my brothers rented at blockbuster and to this day it cracks us up still ü§£üòÇ
funny movies recommend,7YxRZu7ICgg,Man Harold and kumar really brings back memories i used to watch them over and over
funny movies recommend,7YxRZu7ICgg,Sometimes people can completely underestimate how good & funny some movies are these movies on this list proves that theory
funny movies recommend,7YxRZu7ICgg,I could literally feel napoleon dynamite at number 1. In my veins üòÇüòÇüòÇ
funny movies recommend,7YxRZu7ICgg,"I would have included This is the end. Wasnt expecting much, but really enjoyed it"
funny movies recommend,7YxRZu7ICgg,"Yep, me too, best comedy movie for me"
funny movies recommend,7YxRZu7ICgg,I thought for sure white chicks was going to be number one! Can't believe it's not on the list.
funny movies recommend,7YxRZu7ICgg,This.
funny movies recommend,7YxRZu7ICgg,Hey ? What‚Äôs going on with you
funny movies recommend,7YxRZu7ICgg,Just finished watching Game Night! Great choice! Had fun hahaha
funny movies recommend,7YxRZu7ICgg,"Girls trip is really underrated, I remember laughing my ass off every second"
funny movies recommend,7YxRZu7ICgg,This was a great list. One of your best. All of these movies surprised everyone and it's a reason I own almost all of them. Although I find Game Night a little overrated. Wasnt that funny
funny movies recommend,7YxRZu7ICgg,So happy Napoleon Dynamite was number one. Love that movie.
funny movies recommend,7YxRZu7ICgg,"EuroTrip could be in this! Superbad was a comedy I thought would be shit, but I absolutely loved!"
funny movies recommend,7YxRZu7ICgg,Thank you for saying the ‚Äúhonorable mentions‚Äù out loud!  üòÉI am legally blind and am always completely lost during that portion.
funny movies recommend,7YxRZu7ICgg,"Role Models was a huge surprise, people forget how far Stifler had dropped off before it"
funny movies recommend,7YxRZu7ICgg,nice to see Galaxy Quest appreciation. Truly an underrated gem
funny movies recommend,7YxRZu7ICgg,21 Jump Street should've been number 1! I had no idea it was going to be that funny an it actually made me start to like Channing Tatum afterwards
funny movies recommend,7YxRZu7ICgg,Road Trip! I thought it was going to be iight it ended up having me in tears. That milking the prostate scene imo is the funniest scene ever
funny movies recommend,7YxRZu7ICgg,Zombieland is so good it deserves atleast 3 sequels
funny movies recommend,7YxRZu7ICgg,I love almost every single one of these movies. Haven‚Äôt seen two of them.
funny movies recommend,7YxRZu7ICgg,"My top 5 : No 5: U dont mess with zohanNo 4:The DictatorNo 3: rush hour 1,2 &3No 2: The Hangover 1, 2,3No 1: Borat"
funny movies recommend,7YxRZu7ICgg,"9:36 ""While in Jumanji a brother and sister get sucked into a board game-""Uhm...neither of them get sucked in. Just the boy (later a 40 year old dude) that came before them. And years later it was everyone who played Jumanji when it became a video game. But the brother and sister were literally one of the few people we ever saw who did NOT get 'sucked in'."
funny movies recommend,7YxRZu7ICgg,"There's a sequel to Harold and Kumar ? I really enjoyed when I actually saw it on TV one night (I had heard of it). Pretty good list :) ""Paul"" was quite a surprise for me too."
funny movies recommend,7YxRZu7ICgg,Loved Napoleon Dynamite.Never knew about the budget though
funny movies recommend,7YxRZu7ICgg,"I know its not the best time to mention ""white chicks"" for all the racial jokes but that film got the lowest reviews and still became a classic"
funny movies recommend,7YxRZu7ICgg,The problem I have with Mean Girls is it might as well be a rebooted version of heathers which is better murder in it
funny movies recommend,7YxRZu7ICgg,Bridesmaids is an Honorable mention?  Definitely should‚Äôve been number one
funny movies recommend,7YxRZu7ICgg,How about American Pie?  No one should have predicted that instant classic.
funny movies recommend,7YxRZu7ICgg,My favorite Way Better Than Expected Comedy: Rough Night --It's hilarious!
family movies recommend,yZTyd1nzpeI,eleventh
family movies recommend,yZTyd1nzpeI,Seventh
family movies recommend,yZTyd1nzpeI,Fourth
family movies recommend,yZTyd1nzpeI,First
family movies recommend,yZTyd1nzpeI,second
family movies recommend,yZTyd1nzpeI,one hundred and forty-seventh
family movies recommend,yZTyd1nzpeI,Fifth
family movies recommend,yZTyd1nzpeI,Eighth
family movies recommend,yZTyd1nzpeI,first
family movies recommend,yZTyd1nzpeI,I already watch baby boss it's best movie and watch baby boss series it's also best
family movies recommend,yZTyd1nzpeI,third
family movies recommend,yZTyd1nzpeI,fourth ig lol
family movies recommend,yZTyd1nzpeI,18th
family movies recommend,yZTyd1nzpeI,16th
family movies recommend,yZTyd1nzpeI,Someoneth
family movies recommend,yZTyd1nzpeI,You win
family movies recommend,yZTyd1nzpeI,Nothing
family movies recommend,yZTyd1nzpeI,somwhere
family movies recommend,VmMX5MIilcQ,I was here cause me and my mom are having a hard to time looking for a movieBut it seems that we already watched all of it-
family movies recommend,VmMX5MIilcQ,have you watched indiana jones raiders of the lost ark
family movies recommend,VmMX5MIilcQ,¬†@Movies Best¬† Yes.
family movies recommend,VmMX5MIilcQ,Luca is a good movie so is jungle Cruise
family movies recommend,VmMX5MIilcQ,"yh, but they are not on Netflix remember that, ok"
family movies recommend,VmMX5MIilcQ,Also I recommend back of the net and feel the beat
family movies recommend,VmMX5MIilcQ,okay so u mean u enjoy watching dance movies right?
family movies recommend,VmMX5MIilcQ,¬†@Dina Ande¬† what are u really saying
family movies recommend,VmMX5MIilcQ,thanks i‚Äôll try to watch enola holmes:)
family movies recommend,VmMX5MIilcQ,IT IS SOOO GOOD
family movies recommend,VmMX5MIilcQ,"Enola Holmes is amazing , you can check it out"
family movies recommend,VmMX5MIilcQ,How about the mittchells vs the machines
family movies recommend,VmMX5MIilcQ,maybe next time
family movies recommend,VmMX5MIilcQ,Most of these moives are off netflix );
family movies recommend,VmMX5MIilcQ,"are u really sure you are not lying to meif you're not in USA, you have to use a vpn in order to access movies on Netflix USA or UK or any country you want"
family movies recommend,VmMX5MIilcQ, WATCH THESE VIDEOS NEXT Best Movies on HBO Max in 2021: https://youtu.be/h9JdmHhLQMUBest Zombie Movies on Netflix Right Now: https://youtu.be/cyMQVioAJdgBest Crime Thriller Movies that is Killing it on Netflix : https://youtu.be/WLJf-_SDsl8Best Sci-Fi Action Movies on Netflix Right Now: https://youtu.be/E2YpCToIlwYBest Movies on Netflix 2021: https://youtu.be/-wjBq6Q7MdY10 Best Teenage Series to Binge Watch on Netflix: https://youtu.be/hA4Vlles0fU10 Netflix TV Shows to Binge Watch in 2021: https://youtu.be/ffFrwBP1gTQTOP NETFLIX RECOMMENDATIONS 2020: https://youtu.be/h_hNmRiXb0YBest Family Movies on Netflix 2020: https://youtu.be/FdQ7qPY1a1ABest Sci-Fi Movies 2020 to Watch Now : https://youtu.be/P47mSQg_gewBest Romantic Comedy Movies on Netflix 2020: https://youtu.be/4y9VxeqCNdUBest Comedy Movies on Netflix: https://youtu.be/hQak5apE_AoBest Christmas Movies on Netlix: https://youtu.be/5Dzq4m7rgxkBest Horror Movies on Netflix: https://youtu.be/Ko59xhSR7EkBest Thriller Movies on Netflix: https://youtu.be/bwEzFyxNP54Best Movies on Netflix 2020: https://youtu.be/JOy2R1WOfHQ
family movies recommend,VmMX5MIilcQ,Thanks brudda 
family movies recommend,VmMX5MIilcQ, WATCH THESE VIDEOS NEXT Best Family Movies on Netflix 2021: https://youtu.be/VmMX5MIilcQBest Movies on HBO Max in 2021: https://youtu.be/h9JdmHhLQMUBest Zombie Movies on Netflix Right Now: https://youtu.be/cyMQVioAJdgBest Crime Thriller Movies that is Killing it on Netflix : https://youtu.be/WLJf-_SDsl8Best Sci-Fi Action Movies on Netflix Right Now: https://youtu.be/E2YpCToIlwYBest Movies on Netflix 2021: https://youtu.be/-wjBq6Q7MdY10 Best Teenage Series to Binge Watch on Netflix: https://youtu.be/hA4Vlles0fU10 Netflix TV Shows to Binge Watch in 2021: https://youtu.be/ffFrwBP1gTQTOP NETFLIX RECOMMENDATIONS 2020: https://youtu.be/h_hNmRiXb0YBest Family Movies on Netflix 2020: https://youtu.be/FdQ7qPY1a1ABest Sci-Fi Movies 2020 to Watch Now : https://youtu.be/P47mSQg_gewBest Romantic Comedy Movies on Netflix 2020: https://youtu.be/4y9VxeqCNdUBest Comedy Movies on Netflix: https://youtu.be/hQak5apE_AoBest Christmas Movies on Netlix: https://youtu.be/5Dzq4m7rgxkBest Horror Movies on Netflix: https://youtu.be/Ko59xhSR7EkBest Thriller Movies on Netflix: https://youtu.be/bwEzFyxNP54Best Movies on Netflix 2020: https://youtu.be/JOy2R1WOfHQ
family movies recommend,VmMX5MIilcQ,"also i recommed descendants 1,2,3"
family movies recommend,VmMX5MIilcQ,ok I will give it a try
family movies recommend,VmMX5MIilcQ,Just wish it was on Netflix
family movies recommend,VmMX5MIilcQ,¬†@Adjo¬† use a vpn
family movies recommend,VmMX5MIilcQ,¬†@Movies Best¬† Disney is not on Netflix at all. 
family movies recommend,VmMX5MIilcQ,Tysm
family movies recommend,VmMX5MIilcQ,"las  ""peliculas "" son series"
family movies recommend,VmMX5MIilcQ,yh
family movies recommend,VmMX5MIilcQ,I cant see Johnny English movie
family movies recommend,VmMX5MIilcQ,"You can find Johnny English on your Netflix page because it's not in your country or location So you need a VPN such as Express, Nord, Proton, Phisphon VPN to change your location to the USA and access Johnny English"
family movies recommend,q8LoBvJEiUU,5 most awaited movies of 2020https://youtu.be/PjG78blx6ro
family movies recommend,q8LoBvJEiUU,Me lol
family movies recommend,q8LoBvJEiUU,Me
family movies recommend,q8LoBvJEiUU,Me too
family movies recommend,q8LoBvJEiUU,The Good boys 00:00The Hustle 2:25BookSmart 4:54The Dead Don't Die 7:18Zombie Land : Double Tap 9:16This took me 20 minutes
family movies recommend,q8LoBvJEiUU,But the video is of 11 minutes
family movies recommend,q8LoBvJEiUU,yeah how in the figgity fuck did it take you 20 minutes
family movies recommend,q8LoBvJEiUU,Slippy ‚Äúfiggity fuck‚Äù
family movies recommend,q8LoBvJEiUU,In which movie Selena is there
family movies recommend,q8LoBvJEiUU,Unaisah Jeewa bro the video isn‚Äôt even that long
family movies recommend,q8LoBvJEiUU,Thank you
family movies recommend,q8LoBvJEiUU,God bless and keep you in Jesus name
family movies recommend,q8LoBvJEiUU,Our hero
family movies recommend,q8LoBvJEiUU,¬†@Archana Singh¬† 7:18
family movies recommend,q8LoBvJEiUU,Thank you for your service 
family movies recommend,q8LoBvJEiUU,"I love good boys. I totally recommend it. Also it‚Äôs so funny watching jacob tremblay in good boys because the popular movies he has been in, he is like so innocent."
family movies recommend,q8LoBvJEiUU,I literally searched in YouTube something to watch
family movies recommend,q8LoBvJEiUU,Me too
family movies recommend,q8LoBvJEiUU,No lie me too
family movies recommend,q8LoBvJEiUU,im not touching my food until find good movie to watch.. #covidhabit
family movies recommend,q8LoBvJEiUU,Same here
family movies recommend,q8LoBvJEiUU,¬†@shamir akid¬† same
family movies recommend,q8LoBvJEiUU,mee too HAHAGAHAGAHA
family movies recommend,q8LoBvJEiUU,Me too
family movies recommend,q8LoBvJEiUU,I feel you
family movies recommend,q8LoBvJEiUU,Me too
family movies recommend,q8LoBvJEiUU,Me too
family movies recommend,q8LoBvJEiUU,Dude! These are the funniest recommendations I've ever seen
family movies recommend,q8LoBvJEiUU,"#5 ""The Good Boys""#4 ""The Hustle""#3 ""BookSmart""#2 ""The Dead Don't Die""#1 ""Zombie Land: Double Tap""Thank Me Later"
family movies recommend,q8LoBvJEiUU,when you realize that the person who made the video already wrote that in the description
family movies recommend,q8LoBvJEiUU,¬†@Jxshfromthevalley¬† I know But I helped you to know the last one 
family movies recommend,q8LoBvJEiUU,Nah I wanna thank you now 
family movies recommend,q8LoBvJEiUU,Thaaaann... Oh.. Never mind!
family movies recommend,q8LoBvJEiUU,Hashem Sioufi dont forget SuperbadThe most masterpiece movie of all time
family movies recommend,q8LoBvJEiUU,Thanks BUD!
family movies recommend,q8LoBvJEiUU,
family movies recommend,q8LoBvJEiUU,We have to look at the video to see if it‚Äôs good
family movies recommend,q8LoBvJEiUU,Hell yes! Whoever wrote this. 100% agree. Also Goonies and stand by me
family movies recommend,q8LoBvJEiUU,is the good boys good
family movies recommend,q8LoBvJEiUU,Watched the hustle and it was good. I love Anne Hathaway and Rebel Ô∏è
family movies recommend,q8LoBvJEiUU,Good boys is one of the funniest movies of all time I never laughed this hard from a movie
family movies recommend,q8LoBvJEiUU,"After reading this comment, I finished the film and came back. My mother heard me laughing next door. but the movie is a completely erotic film"
family movies recommend,q8LoBvJEiUU,¬†@Amin ¬† I watched it with my friend on a tv and there were some parts that if my mom caught us we would have been dead 
family movies recommend,q8LoBvJEiUU,"¬†@Aram Movsesian¬† . I watched five movie today. I'm very unemployed. I can offer you a series if you want very, very good movies"
family movies recommend,q8LoBvJEiUU,¬†@Amin ¬† yeah sure I can't find any good movies now days
family movies recommend,q8LoBvJEiUU,"¬†@Aram Movsesian¬† If you haven't seen it, I'll recommend ""freaky,"" believe me, you won't waste 1hr 40 minutes."
family movies recommend,q8LoBvJEiUU,¬†@Amin ¬† thx
family movies recommend,q8LoBvJEiUU,"¬†@Aram Movsesian¬† Well, what about a movie you can recommend to me, brother, that you're happy to watch?"
family movies recommend,q8LoBvJEiUU,Oh fucke me I will watch ittt 
family movies recommend,q8LoBvJEiUU,¬†@Amin ¬† I have no taste in movies
family movies recommend,q8LoBvJEiUU,¬†@Amin ¬† I literally watch whatever my friend recommends me
family movies recommend,q8LoBvJEiUU,Friend( who is a boy ) : there‚Äôs gonna be girls at the party you know what that means Me: drama 
family movies recommend,q8LoBvJEiUU,0:25 till 0:28
family movies recommend,q8LoBvJEiUU,I love that scene
family movies recommend,q8LoBvJEiUU,¬†@Top Compilation¬† my favorite part is when they tried to take their drone back but it just broke
family movies recommend,q8LoBvJEiUU,Super cringe
family movies recommend,q8LoBvJEiUU,Oh how I love ZOMBIELAND  they should make a 3rd  also ‚Äúthe hustle ‚Äú is good too 
family movies recommend,q8LoBvJEiUU,I almost puked at the amount of all the emojis
family movies recommend,q8LoBvJEiUU,¬†@XmasMan¬† why are you rude
family movies recommend,q8LoBvJEiUU,The good boys will make you laugh hard
family movies recommend,q8LoBvJEiUU,Yeah
family movies recommend,q8LoBvJEiUU,Which one's your fav?
family movies recommend,q8LoBvJEiUU,The hustle and especially good boys are just absolutely fucking hilarious I love them with all my heart
family movies recommend,q8LoBvJEiUU,I literally took about 3 days and watched every single one one of these lmao
family movies recommend,q8LoBvJEiUU,Hey
family movies recommend,q8LoBvJEiUU,"ive watched The Hustle,The Dead Dont Die and Zombie Land: Double Tap and its 100% reccomended"
family movies recommend,q8LoBvJEiUU,best line ever. whos molly shes not with us
family movies recommend,q8LoBvJEiUU,I‚Äôm so bored I literally searched up what to watch haha
family movies recommend,q8LoBvJEiUU,Cool keep it up
family movies recommend,q8LoBvJEiUU,Same 
family movies recommend,q8LoBvJEiUU,Who cares
family movies recommend,q8LoBvJEiUU,The Dead Don't Die it¬¥s perfect for a movie night
family movies recommend,q8LoBvJEiUU,wtf its so boooooooring
family movies recommend,q8LoBvJEiUU,Goddamit! This movie is so so boring!
family movies recommend,q8LoBvJEiUU,It‚Äôs terrible nothing happens
family movies recommend,q8LoBvJEiUU,Booksmart is already a classic
family movies recommend,q8LoBvJEiUU,No no it's not
family movies recommend,q8LoBvJEiUU,¬†@Alex Clash¬† yeah it is
family movies recommend,q8LoBvJEiUU,I watched good boys and it was so funny 
family movies recommend,q8LoBvJEiUU,This is awesoooommmeeee! Ô∏èÔ∏è
family movies recommend,q8LoBvJEiUU,The best comedy ever is ‚ÄúWhat‚Äôs eating Gilbert grape‚Äù
family movies recommend,q8LoBvJEiUU,Nh·ªØng s√°ng t√°c c·ªßa S·ªπ Lu√¢n nghe m√£i ko phai.. Ph√∫c h√°t r·∫•t hay v√† ·∫•m √°p
family movies recommend,q8LoBvJEiUU,Good boys are so lit ! 
family movies recommend,q8LoBvJEiUU,Clutch ZeusYT fuck no that movie blows
family movies recommend,q8LoBvJEiUU,MacTavish37 nah fam it‚Äôs so good
family movies recommend,q8LoBvJEiUU,Where can i find it
family movies recommend,q8LoBvJEiUU,¬†@Bill Derby¬† Egybest
family movies recommend,q8LoBvJEiUU,That movie sucked
family movies recommend,q8LoBvJEiUU,¬†@Max Fessler¬† fr it was so cringe
family movies recommend,q8LoBvJEiUU,¬†@Rzzz.88¬† no i understoid everything and its still cringe
family movies recommend,q8LoBvJEiUU,¬†@Sibtain Sathi¬† its not that good
family movies recommend,q8LoBvJEiUU,If you want more of this. Kindly like and subscribe to help us grow our community. Thank you so much for your supports Ô∏è
family movies recommend,q8LoBvJEiUU,i had watched the booksmart and it was really great!
family movies recommend,q8LoBvJEiUU,The goodboys movie is relatable with my friends 
family movies recommend,q8LoBvJEiUU,¬†@Joe Bread¬† Ah yes sorry 
family movies recommend,q8LoBvJEiUU,I love this movie 
family movies recommend,q8LoBvJEiUU,I watched the hustle and Zombie land and they are hilarious
family movies recommend,q8LoBvJEiUU,came here expecting to find a good movie to watch but i‚Äôve already seen all 5 ffs
family movies recommend,q8LoBvJEiUU,Good boys is the best movie to watch when you're bored i watch it already  tho
family movies recommend,q8LoBvJEiUU,hey where can i watch it ?
family movies recommend,q8LoBvJEiUU,¬†@swordplays¬† I don't remember exactly but I think you should download yuko hd movies if you have a android phone you can download it from play store
family movies recommend,q8LoBvJEiUU,i love Good boys
family movies recommend,q8LoBvJEiUU,booksmart is soo good i just finished watching it thx for the vid
family movies recommend,q8LoBvJEiUU,Ive watched the good boys about 3months have passed since then i recommend it ive rewatched it 4 times wuth my cousin
family movies recommend,q8LoBvJEiUU,"""The hustle"", is the best movie "
family movies recommend,q8LoBvJEiUU,"it‚Äôs actually a really bad movie regarding the script, acting, storyline, and cinematography"
family movies recommend,q8LoBvJEiUU,Armyyy
family movies recommend,q8LoBvJEiUU,¬†@Vidya Nanaware¬† ARMYYYYYY
family movies recommend,q8LoBvJEiUU,¬†@Lidia Mendoza¬† which country ???
family movies recommend,q8LoBvJEiUU,"I was irritated. Couldn't think of anything to watch so I did a desperate YouTube trailer search. And a few of these look interesting but I am soo happy I was reminded of Zombieland 2! I am sad that I still haven't seen it, but that's gonna change soon!"
family movies recommend,q8LoBvJEiUU,I can watch good boys movie all day long
family movies recommend,q8LoBvJEiUU,Good boys is class 
family movies recommend,q8LoBvJEiUU,Booksmart is sooo underrated
family movies recommend,q8LoBvJEiUU,Needed a movie to watch realized I had watched them all... I watch too much movies
family movies recommend,q8LoBvJEiUU,goodboys and booksmart are amazingggg
healing movies recommend,FBRYif75R9Y,"„Ö°Ïò¨Ìï¥Îäî ÎÑ∑ÌîåÎ¶≠Ïä§ ÏòÅÌôîÎ•º ÌÜµÌï¥,ÌïúÍµ≠ÏòÅÌôîÏùò ÌôïÏû•ÏÑ±ÏùÑ ÌôïÏù∏ÌïúÍ≤ÉÎßåÏúºÎ°úÎèÑ ÎßåÏ°±Ìïú ÌïúÌï¥ÏòÄÎçòÎìØ Ìï©ÎãàÎã§~ ÎÑ∑ÌîåÎ¶≠Ïä§Î•º ÌÜµÌï¥ Î∞©ÏòÅÎêòÎäî ÎìúÎùºÎßàÎèÑ Ïã¨ÍµêÏàòÎãòÏùò Ìï¥ÏÑ§Ïù¥ Í∞êÏÉÅÏù¥ÎÇò ÏûëÌíàÏÑ†Ï†ïÏóê ÎßéÏùÄ ÎèÑÏõÄÏù¥ ÎêòÎäîÍ≤É Í∞ôÏïÑÏöî~ Í∞êÏÇ¨ÎìúÎ¶¨Î©∞,ÎëêÎ∂ÑÎèÑ ÎúªÍπäÏùÄ Ïó∞Îßê Î≥¥ÎÇ¥ÏãúÍ∏∞Î•º~"
healing movies recommend,FBRYif75R9Y,"ÎëêÎ∂ÑÏùò ÏòÅÌôîÍ≥Ñ Í≤∞ÏÇ∞Ïù¥ Ïû¨ÎØ∏ÏûàÎÑ§Ïöî~ ÎÑ∑ÌîåÎ¶≠Ïä§ ÏòÅÌôîÍ∞Ä ÏïàÎ∞©Í∑πÏû•ÏùÑ Ìú©Ïì∏Í≥† ÏûàÏßÄÎßå,Ï¢ãÏùÄ ÏòÅÌôîÎäî Íº≠ Í∑πÏû•ÏóêÏÑú Î≥¥ÎäîÍ≤å Ï†ïÎãµÏù∏ÎìØ ÌïòÎÑ§Ïöî~ Ï†ÑÏ∞¨Ïùº ÌèâÎ°†Í∞ÄÎãòÏùÑ Ï¥àÎåÄÌïòÏÖîÏÑú Î∞òÍ∞ÄÏõ†ÏùçÎãàÎã§ „Ö°Îòê,ÏòÅÌôîÏ†úÎïå ÏÉÅÏòÅÌïú Ïó¨Îü¨ ÏòÅÌôîÎì§ÏùÑ ÏÜåÍ∞úÌï¥Ï£ºÏã†Í≤ÉÎèÑ Ï¢ãÏïòÏñ¥Ïöî~ ÎëêÎ∂ÑÏùò ÏòÅÌôîÎåÄÎã¥ÏùÑ ÏÉàÌï¥ÏóêÎèÑ Í∏∞ÎåÄÌï¥Î¥ÖÎãàÎã§~"
healing movies recommend,FBRYif75R9Y,"2021ÎÖÑ ÏòÅÌôîÍ≥Ñ Í≤∞ÏÇ∞, Ïû¨Î∞åÍ≤å Ïûò Î¥§ÏäµÎãàÎã§.Îëê Î∂ÑÏùò ÏºÄÎØ∏Í∞Ä Ïûò ÎßûÎäî Í≤É Í∞ôÏïÑÏöî.^^"
healing movies recommend,FBRYif75R9Y,"OTT ÎìúÎùºÎßàÍ∞Ä,300Ïó¨Ìé∏Ïù¥ÎÇò Ï†úÏûëÎêòÍ≥† ÏûàÎã§ÎäîÍ±¥ Ï†ïÎßê Ï∂©Í≤©ÏûÖÎãàÎã§~ ÌóàÎÇò,ÌïúÍµ≠ÏòÅÌôîÏùò ÏÑ∏Í≥ÑÌôî ÎÇò ÌôïÏû•ÏÑ±ÏùÑ Í≥†Î†§Ìï¥Î≥∏Îã§Î©¥ Í∏∞ÎåÄÍ∞Ä Ïª§ÏßÄÎäîÍ≤ÉÎèÑ ÏÇ¨Ïã§Ïù∏ÎìØ ÌïòÎÑ§Ïöî~ ÏÉàÌï¥ÏóêÎèÑ ÌïúÍµ≠ÏòÅÌôîÍ∞Ä ÏÑ†Ï†ÑÌïòÍ∏∞Î•º Í∏∞ÎåÄÌï¥Î¥ÖÎãàÎã§"
healing movies recommend,FBRYif75R9Y,"„Ö°Ï†ÑÏ∞¨Ïùº ÌèâÎ°†Í∞ÄÎãò, ÌôîÎ©¥ÏúºÎ°ú ÎµàÎãà,Î∞òÍ∞ëÎÑ§Ïöî~ Ïã¨ÍµêÏàòÎãòÍ≥ºÏùò  ÏòÅÌôîÍ≥Ñ Í≤∞ÏÇ∞ÎèÑ ÏùòÎØ∏ÏûàÏñ¥ Ï¢ãÏïòÏùçÎãàÎã§~ Ï†ÄÎäî ÎëêÎ∂ÑÏù¥ ÎΩëÏúºÏã† ÏòÅÌôî ÎåÄÎ∂ÄÎ∂ÑÏùÑ Î≥¥ÏïòÏùçÎãàÎã§Îßå, Ïò¨Ìï¥ ÏµúÍ≥†Ïùò ÏòÅÌôîÎäî ,ÎÖ∏Îß§ÎìúÎûúÎìú Ïù∏Í≤É Í∞ôÏïÑÏöî  ~ Îòê Í∞ÄÏû• Ïù∏ÏÉÅÏ†ÅÏù∏ ÏòÅÌôîÎäî Îâ¥ Ïò§Îçî ÏòÄÏñ¥Ïöî  „Ö°ÏûêÏÇ∞Ïñ¥Î≥¥Îäî ÌùëÎ∞±ÌôîÎ©¥Ïùò ÏïÑÎ¶ÑÎã§ÏõÄÏù¥ ÎèãÎ≥¥ÏòÄÍ≥†,ÏÑ∏ÏûêÎß§Îäî ÏÑ∏Î∞∞Ïö∞Ïùò Í∞úÏÑ±ÏûàÎäî Ïó∞Í∏∞Ï°∞Ìï©Ïù¥ Í∏∞ÏñµÏóê ÎÇ®ÎÑ§Ïöî~ ÏïûÏúºÎ°úÎèÑ Ï¢ÖÏ¢Ö,ÎëêÎ∂ÑÏùò ÏòÅÌôî Ïù¥ÏïºÍ∏∞Î•º Îì£Í≥†Ïã∂ÎÑ§Ïöî~‚ô°‚ô°‚ô°"
healing movies recommend,FBRYif75R9Y,"Îëê Î∂Ñ, Ìï®Íªò Í≥ÑÏãúÎäîÍ≤É Î≥¥Îãà, Í±∞~~Ïùò 20ÎÖÑ Ï†Ñ Îëê Î∂Ñ Í∞ïÏùòÎ•º Îì£Îçò Í∑∏ ÎïåÍ∞Ä ÏÉùÍ∞ÅÎÇòÏöî. Ï†ÄÏóêÍ≤ê Ïù∏ÏÉùÏùò Ï†ÑÌôòÏ†ê Ïù¥ÏóàÍ≥†, ÏïÑÏßÅÏùÄ ÏïÑÏù¥ÎßåÌÅº ÎßéÏùÄ Í∞ÄÎä•ÏÑ±ÏùÑ Í∞ñÍ≥† ÏûàÏóàÎçò Îïå...ÏßÄÍ∏àÏùò Î™®ÏäµÏù¥ Í∑∏ÎïåÎ≥¥Îã§ ÎÇòÏïÑÏßÑÍ±¥ÏßÄ, Ï¢ãÏùÄ ÏÑ†ÌÉùÏùò Í≤∞Í≥ºÏù∏Í±¥ÏßÄ (ÏïÑÎãåÍ≤É Í∞ôÏßÄÎßå) Ïù¥Îü∞Ï†ÄÎü∞, ÏòÅÏÉÅÍ≥ºÎäî ÏÉÅÍ¥ÄÏóÜÎäî Î≥µÏû°Ìïú ÏÉùÍ∞ÅÎßå ÌïòÍ≥†ÏûàÎÑ§Ïöî. „Öã„Öã"
healing movies recommend,FBRYif75R9Y,"Ïûò ÏãúÏ≤≠ÌñàÏäµÎãàÎã§ Îßâ! ÎààÏù¥ Ï†ïÎßê ÏûëÏïÑ, Îú¨ Í±¥ÏßÄ Í∞êÏùÄ Í±¥ÏßÄ Íµ¨Î∂ÑÏù¥ Ïïà ÎêòÎäîÍµ∞Ïöî „Öé Ïù¥Ï†ú ÏúÑ Î≤†Ïä§Ìä∏10Ïóê ÎåÄÌïú Î¶¨Î∑∞Î•º ÏûëÏÑ±Ìï¥ Ïñ¥ÎîòÍ∞ÄÏóê Ïò¨Î†§ÏïºÍ≤†Ï£†? Í∞êÏÇ¨ Ïî®Ïú†"
healing movies recommend,FBRYif75R9Y,30Î∂ÑÎèôÏïà ÎÑàÎ¨¥ ÏûòÎ¥§ÏäµÎãàÎã§ ÏÑ†ÏÉùÎãò! Ï†úÏù∏Ï∫†ÌîºÏò® Í∞êÎèÖÏùò ÌååÏõåÏò§Î∏åÎèÑÍ∑∏ ÎÜìÏ≥êÎ≤ÑÎ†∏Ïñ¥Ïöî 22ÎÖÑ 1Ïõî6ÏùºÏóê Í∞úÎ¥âÌïòÎäî ÏñëÎçïÏ∞Ω Í∞êÎèÖÏùò Ìï¥ÌÉÑÏ†ÅÏùºÏ≤ú Ïóê ÎààÏù¥ Î©ÄÏñ¥ÏÑú „Öé„Öé
healing movies recommend,FBRYif75R9Y,Ïù¥Ï†ú Ï†ïÎßê ÏòÅÌôîÎ•º ÎßàÏùåÏùÑ Îã§Ìï¥ Î≥º Ìïú Ìï¥Î•º ÎßåÎì§Ïñ¥Î≥ºÍ±∞ÏûÑÎã§Í∑ºÎç∞ ÎìÑÏùÑ Î≥¥Í≥† ÎëêÎ≤à ÎààÏùÑ Í∞êÍ≥† Ï°∏ÏïÑÎ≤ÑÎ¶∞ Ï†ÄÎ•º Î≥¥Í≥† ÏûêÍ¥¥Í∞êÏù¥ Îì§Í∏¥ ÌñàÏßÄÎßåÏöî..^^
healing movies recommend,FBRYif75R9Y,ÎèôÏòÅÏÉÅ ÏûòÎ¥§ÏäµÎãàÎã§!
healing movies recommend,FBRYif75R9Y,ÏûòÎ¥§ÏäµÎãàÎã§. Ïò§ÎîîÏò§ Í∞úÏÑ†ÏùÄ ÌûòÎì§ÍπåÏöî?
healing movies recommend,FBRYif75R9Y,„Öé„Öé. Ïòà ÎÖ∏Î†•Ìï¥ Î≥¥Í≤†ÏäµÎãàÎã§. ^^
healing movies recommend,PrhqeOKHmCQ,"ÎßàÏù∏ÎìúÏπ¥Ìéò Ïï±ÏúºÎ°ú ÎßûÏ∂§ Ïã¨Î¶¨ÏÉÅÎã¥Í≥º Ïã¨Î¶¨Í≤ÄÏÇ¨Î•º Í∞ÑÌé∏ÌïòÍ≤å Î∞õÏïÑÎ≥¥ÏÑ∏Ïöî!üìå https://bit.ly/3IsCzIL"
healing movies recommend,PrhqeOKHmCQ,01:14 Ïñ¥Î∞îÏõÉ ÌÉÄÏûÑ02:24 ÏõîE03:45 ÏÜåÏö∏04:47 Ïù¥ÌÑ∞ÎÑê ÏÑ†ÏÉ§Ïù∏05:35 500ÏùºÏùò Ïç∏Î®∏06:50 Ï£ΩÏùÄ ÏãúÏù∏Ïùò ÏÇ¨Ìöå
healing movies recommend,PrhqeOKHmCQ,Ïú†ÎØ∏Ïùò ÏÑ∏Ìè¨Îì§ Î¶¨Î∑∞Ìï¥Ï£ºÏãúÎ©¥ ÏßÑÏßú Ï¢ãÏùÑ Í≤É Í∞ôÏïÑÏöî. Ï†ïÏã†Í≥º ÏùòÏÇ¨ÏÑ†ÏÉùÎãòÎì§Ïù¥ Î¶¨Î∑∞Ìï¥Ï£ºÏãúÎ©¥ Ï†ïÎßê ÌïòÏã§ÎßåÌïú Ïù¥ÏïºÍ∏∞Í∞Ä ÎßéÏùÑ ÏõπÌà∞Ïù¥ÏóêÏöî. ÏûëÍ∞ÄÎãòÏù¥ Ïã¨Î¶¨ Î¨òÏÇ¨Î•º Ï†ïÎßê ÏÑ∏Ïã¨ÌïòÍ≤å ÏûòÌïòÏÑ∏Ïöî ÏõπÌà∞ Ï†àÎåÄ ÎèàÏ£ºÍ≥† ÏïàÎ≥¥ÎäîÎç∞ Ïú†ÎØ∏Ïùò ÏÑ∏Ìè¨Îì§ÏùÄ Ïø†ÌÇ§ Íµ¨ÏõåÏÑú Ï†ïÏ£ºÌñâÌñàÏñ¥Ïöî
healing movies recommend,PrhqeOKHmCQ,Ï†ïÎßêÎ°úÏöî„Ö†„Ö†„Ö†„Ö†„Ö†„Ö†„Ö† Ï†úÎ∞úÌï¥Ï£ºÏÑ∏Ïöî
healing movies recommend,PrhqeOKHmCQ,Ïû¨ÏßÑÎãò ÏòÅÌôîÎ≥¥Î©¥ÏÑú ÌéëÌéë ÎàôÎ¨º ÌùòÎ¶¨ÏãúÎäîÍ±∞ ÏÉÅÏÉÅÏùÄ ÏïàÍ∞ÄÏßÄÎßå>< ÏõîE Íº≠ Î¥êÏïºÍ≤†Ïñ¥Ïó¨Ïñ¥Ïñ¥Ïñ¥Ïñ¥!!! ÏòÅÌôî Îòê ÎßéÏù¥ Ï∂îÏ≤ú Ìï¥Ï£ºÏÑ∏Ïó¨Ïñ¥Ïñ¥ ÏòÅÌôîÎèÑ ÏñëÎ∏åÎ°úÏïåÍ≥†Î¶¨Ï¶òüòç ÏºÄÎπàÏóêÎåÄÌïòÏó¨ÎÇò Î†àÌÄ¥Ïó†Í∞ôÏùÄ Îã§ÌÅ¨Ìïú ÏòÅÌôî Ï∂îÏ≤úÎèÑ Í∂ÅÍ∏àÌï¥Ïöî..............(ÎëêÎë•)
healing movies recommend,PrhqeOKHmCQ,ÏòÅÌôî Í¥ÄÎ†® Ï†ÑÎ¨∏ Í∏∞ÏûêÏôÄ Í∞ôÏù¥ Í∞ÄÎ≥çÍ≤å ÏñòÍ∏∞ÌïòÎäî ÏΩòÌÖêÏ∏†ÎèÑ ÎÑàÎ¨¥ Ï¢ãÏùÑ Í≤É Í∞ôÏï†Ïöî!!  Í∞úÏù∏Ï†ÅÏúºÎ°ú ÍπÄÌòúÎ¶¨ Í∏∞ÏûêÎãòÍ≥º Ìï®Íªò ÌïòÏã†Îã§Î©¥ Ï∞®Î∂ÑÌïòÍ≥† ÏÑ¨ÏÑ∏Ìïú Ïó¥Ï†ïÏúºÎ°ú ÌíçÎ∂ÄÌï¥Ïßà Í≤É Í∞ôÎã§Îäî ÏÉùÍ∞ÅÏù¥ Îì≠ÎãàÎã§!
healing movies recommend,PrhqeOKHmCQ,Ïò§Îäò ÎùºÎ∞©ÎèÑ Ï†ïÎßê ÏûºÏóàÏñ¥Ïöî„Öé„ÖéÏñëÏå§Îì§ ÎØ∏Î¶¨ ÌÅ¨Î¶¨Ïä§ÎßàÏä§~~Ï¢Ä Ïù¥Î•¥ÏßÄÎßå?ÏÉàÌï¥ Î≥µ ÎßéÏù¥ Î∞õÏúºÏãúÍ≥†ÏñëÎñºÎãòÎì§ÎèÑ Í±¥Í∞ïÌïòÏãúÍ≥† Î∂ÄÏûêÎêòÏÑ∏Ïú†‚ô°„Ö°„Ö°„Ö°„Ö°„Ö°30Îßå Íµ¨ÎèÖÏûê Í∞ÄÏ¶àÏïÑ~~~!!!
healing movies recommend,PrhqeOKHmCQ,23ÏùºÏóê Ïû†Îì§Ïñ¥ÏÑú 26ÏùºÏóê Íπ®Ïñ¥ÎÇòÎ†§Í≥† ÌñàÎäîÎç∞ Îëê Î∂ÑÏù¥ Ï∂îÏ≤úÌï¥ Ï£ºÏã† ÏòÅÌôî Î≥¥Î†§Í≥† ÏùºÏñ¥ÎÇ¨Ïñ¥Ïöî~! Ïû¨Î∞åÍ≤å Î≥¥Í≤†ÏäµÎãàÎè≥üòé ÏñëÏå§Îì§ÎèÑ Î©îÎ¶¨ ÌÅ¨Î¶¨Ïä§ÎßàÏä§üéÑ
healing movies recommend,PrhqeOKHmCQ,Î≠îÍ∞Ä ÏñëÏû¨ÏßÑÏå§ÏùÄ ÎààÎ¨º ÌïúÎ∞©Ïö∏ ÌùòÎ¶¨ÏßÄÏïäÍ≤å ÏÉùÍ∏∞ÏÖ®ÎäîÎç∞ ÌéëÌéë Ïö∞ÏÖ®Îã§ÎãàÏöî„Öã Ïù¥ÌÑ∞ÎÑê Ïç¨ÏÉ§Ïù∏ Ïù∏ÏÉù ÏòÅÌôîÏ§ë ÌïòÎÇòÏù∏Îç∞ Îòê Î¥êÏïºÍ≤†ÎÑ§Ïöî„Öé
healing movies recommend,PrhqeOKHmCQ,Îã§ ÎÑàÎ¨¥ Ï¢ãÏïÑÌïòÎäî ÏòÅÌôîÏù∏Îç∞ ÌäπÌûà ÏõîEÎäî Í∏∞ÎåÄÏóÜÏù¥ Î¥§Îã§Í∞Ä Í±∞Ïùò Ïù∏ÏÉùÏòÅÌôîÍ∞Ä ÎêòÏóàÎãµÎãàÎã§.. ÎÑàÎ¨¥ Ï¢ãÏïÑÏöî!
healing movies recommend,PrhqeOKHmCQ,2:20  ÏõîE3:44  ÏÜåÏö∏6:48  Ï£ΩÏùÄÏãúÏù∏Ïùò ÏÇ¨Ìöå
healing movies recommend,PrhqeOKHmCQ,ÎßéÏù¥ ÏïåÎ†§Ï†∏ÏûàÏßÑ ÏïäÎäî ÏûëÌíàÏù¥ÏßÄÎßå Îç∞Î≥¥Îùº Í∑∏ÎûòÎãâÏùò <ÌùîÏ†ÅÏóÜÎäî ÏÇ∂> Î¶¨Î∑∞ÎèÑ Ìï¥Ï£ºÏãúÍ∏∏ Î∂ÄÌÉÅÎìúÎ†§Ïöî.
healing movies recommend,PrhqeOKHmCQ,ÏòÅÌôîÏ†úÏóêÏÑú ÏóîÎî© ÌÅ¨Î†àÎîß Ïò¨ÎùºÍ∞à ÎïåÍπåÏßÄ ÎààÎ¨º Îã¶ÏúºÎ©¥ÏÑú Î¥§Îçò ÏòÅÌôîÏù∏Îç∞ ÎåìÍ∏ÄÏóêÏÑú Î≥¥Îãà Î∞òÍ∞ëÎÑ§Ïöî
healing movies recommend,PrhqeOKHmCQ,Ìûù.. Ïò§Îäò ÏòÅÏÉÅÍ≥º Îëê Î∂Ñ ÏÉò ÎÑàÎ¨¥ Îî∞ÎúªÌï¥Ïöîüíì
healing movies recommend,PrhqeOKHmCQ,Ïù¥Î≤à Ï£ºÎßêÏù¥ Ïã¨Ïã¨ÌïòÏßÄ ÏïäÍ≤†Ïñ¥Ïöî. Îã§Ïãú Î¥êÎèÑ Ï¢ãÏùÑ Í≤É Í∞ôÏùÄ ÏòÅÌôîÎì§Ïù¥ ÎßéÎÑ§Ïöî. Ï∂îÏ≤úÍ∞êÏÇ¨Ìï©ÎãàÎã§. ‚ò∫Ô∏è
healing movies recommend,PrhqeOKHmCQ,Ï†ú Ïù∏ÏÉùÏòÅÌôîÎèÑ Soul ÏûÖÎãàÎã§.üòçÏ∂îÏ≤úÌï¥Ï£ºÏã† ÏòÅÌôîÎì§ Î™®Îëê Ïï†Ï†ïÌïòÎäî ÏòÅÌôîÏòàÏöî.carpe diemü•∞ÏñëÎ∏åÎ°úÎãòÎì§ ÎçïÎ∂ÑÏóê 2021ÎÖÑ ÏúÑÎ°úÎ∞õÍ≥† ÏßÑÏã¨ÌñâÎ≥µÌñàÏäµÎãàÎã§! 2022ÎÖÑ 50Îßå!!üôÜ‚Äç‚ôÄÔ∏èüôè
healing movies recommend,PrhqeOKHmCQ,üêëüêëüêëÎß§Ïï†Ïï†Ïï†„Öê~~Î¶¨ ÌÅ¨Î¶¨Ïä§ÎßàÏä§üëçüèª ÎùºÏù¥Î∏åÎïå ÎßåÎÇòÏú† „Öã„Öã„Öã Ï£ΩÏùÄÏãúÏù∏ÏùòÏÇ¨Ìöå ÎπºÍ≥§ Îã§Î¥§ÎÑ§Ïöî! Ïù¥ÌÑ∞ÎÑêÏÑ†ÏÉ§Ïù∏ ÎßéÏùÄ ÏÉùÍ∞ÅÏùÑ Îì§Í≤å Ìïú ÏòÅÌôîÏù¥Í≥† Ïñ¥Î∞îÏõÉÌÉÄÏûÑÏùÄ Î¥êÎèÑÎ¥êÎèÑ ÏßàÎ¶¨ÏßÄÏïäÎäî Î™ÖÏûëÏù¥ÏóêÏöîüíú Î™®Í∞ÄÎîîÏäàÎûë Ïã±ÌÅ¨ÌôÄ Î¶¨Î∑∞ Ìï¥Ï£ºÏÑ∏Ïö© „Öã„Öã
healing movies recommend,PrhqeOKHmCQ,"ÏòÅÌôî Î≤åÏÉà, ÎÇ®Îß§Ïùò Ïó¨Î¶ÑÎ∞§, ÏÇ¨ÎèÑ, ÎìúÎùºÎßà ÌÇ¨ÎØ∏ÌûêÎØ∏Ïóê ÎåÄÌï¥ÎèÑ ÏÑ†ÏÉùÎãòÎì§ ÎßêÏîÄ Îì§Ïñ¥Î≥¥Í≥†Ïã∂Ïñ¥Ïöî!"
healing movies recommend,PrhqeOKHmCQ,Ï∂îÏ≤úÌï¥Ï£ºÏã† ÏòÅÌôî~~  Îã§ Î≥∏Í±∞ÏßÄÎßå  Ïó≠Ïãú ÎÑàÎ¨¥ Ï¢ãÏùÄ ÏòÅÌôîÏûÖÎãàÎã§... ÎßêÏîÄÌï¥Ï£ºÏã§Îïå ÏòÅÌôîÏóê ÎåÄÌïú Í∞êÏÑ±Í≥º Ïòõ Ï∂îÏñµÎì§Ïù¥ Ïò¨ÎùºÏò§ÎçîÎùºÍµ¨Ïöî~~ Ïù¥Î≤à ÌÅ¨Î¶¨Ïä§ÎßàÏä§Ïóê Îòê Î¥êÏïºÍ≤†Ïñ¥Ïöî~^^
healing movies recommend,PrhqeOKHmCQ,Ïö∞Ïó∞Ìûà Î≥∏ ÏòÅÌôîÍ∞Ä ÏÇ∂ÏùÑ Îí§ÎèåÏïÑÎ≥¥Í∞úÎèÑ ÎààÎ¨ºÌéëÌéë ÌùòÎ¶¨Î©∞ Ïπ¥ÌÉÄÎ•¥ÏãúÏä§ ÎäêÎÅºÍ∏∞ÎèÑÌïòÏ£† Ïù¥ÎïåÎßåÌÅºÏùÄ ÏÜîÏßÅÌï¥ÏßÄÎäîÍ≤ÉÍ∞ôÏïÑÏöî Î©îÎ¶¨ÌÅ¨Î¶¨Ïä§ÎßàÏä§~~Ï¶êÍ±∞Ïö¥ Îß¥ÏúºÎ°ú Î≥¥ÎÇ¥ÏÑ∏Ïöî
healing movies recommend,PrhqeOKHmCQ,"ÏôÄÏö∞...  Ïò§ÎäòÏù¥ Î™©ÏöîÏùºÏù¥Íµ∞Ïöî! Îß§Î≤à Í≥ºÍ±∞Ïó¨ÌñâÏùÑ ÌïòÎìØÏù¥ Îëê Î∂ÑÏùò ÌùîÏ†ÅÏùÑ Îî∞Îùº Îã§ÎÖîÎäîÎç∞, Ï≤òÏùåÏúºÎ°ú Ïò§Îäò Ïò¨ÎùºÏò® ÏòÅÏÉÅÏùÑ Î≥¥Í≤å ÎêòÎÑ§Ïöî.„Öé„ÖéÏñ¥Î≤ÑÏõÉÌÉÄÏûÑ, Ïù¥ÌÑ∞ÎÑêÏÑ†ÏÉ§Ïù∏, 500ÏùºÏùò Ïç∏Î®∏.. Ïó∞ÎßêÏùÑ Ïöî ÏòÅÌôîÎì§Í≥º Ìï®Íªò Ìï¥Î¥êÏïºÍ≤†Íµ∞Ïöî^^ÎëêÎ∂Ñ Î™®Îëê, Î©îÎ¶¨ÌÅ¨Î¶¨Ïä§ÎßàÏä§~!!"
healing movies recommend,PrhqeOKHmCQ,ÏôÄ..Îã§ ÎÇ¥Í∞Ä ÏßÑÏßú Ï¢ãÏïÑÌïòÎäî ÏòÅÌôîÎì§... Ïïà Î≥∏ ÏòÅÌôî 500ÏùºÏùò Ïç∏Î®∏Îûë Ï£ΩÏùÄ ÏãúÏù∏Ïùò ÏÇ¨Ìöå Íº≠ Î¥êÏïºÍ≤†Ïñ¥Ïöî„Ö†. Í∞úÏù∏Ï†ÅÏúºÎ°ú Ïú†ÌÉúÏù∏ ÌîºÏïÑÎãàÏä§Ìä∏ Ïä§ÌïÑÎßåÏóê Í¥ÄÌïú ÏòÅÌôî 'ÌîºÏïÑÎãàÏä§Ìä∏' ÏµúÏï† ÏòÅÌôîÏûÖÎãàÎã§><
healing movies recommend,6XcJP08Qva8,"""Hachi : a dog's tale"" is almost impossible not to cry"
healing movies recommend,6XcJP08Qva8,I know this sounds so stupid but I'm kinda scared to watch that because I have heard it is so sad. I still have never watched Marley and me..even though I love Jennifer Aniston! I just know I'll be bawling ü§¶‚Äç‚ôÄÔ∏è
healing movies recommend,6XcJP08Qva8,I started watching this on Amazon Prime and when I came back to finish it they'd made it pay to view. My go to sad dog movie is A Dog's Purpose
healing movies recommend,6XcJP08Qva8,¬†@Zoey x¬† oh that happened to me on a series I was watching! So annoying!
healing movies recommend,6XcJP08Qva8,I cried so hard watching this movie. It broke my heart.
healing movies recommend,6XcJP08Qva8,"My favorite sad dog movie is ""The Art of Racing In the Rain"".  I strongly recommend it."
healing movies recommend,6XcJP08Qva8,YESSSSSSSSS
healing movies recommend,6XcJP08Qva8,I bawled my eyes out to Hachi (it didn‚Äôt help that I was 8 months pregnant and highly emotional)
healing movies recommend,6XcJP08Qva8,So true!
healing movies recommend,6XcJP08Qva8,Baby listen I thought about that dog the next dam day! That movie took me out!
healing movies recommend,6XcJP08Qva8,¬†@K.C. Fahel¬† this is the one!
healing movies recommend,6XcJP08Qva8,"Also, I even bawled Coco last scene where Miguel plays and sings for her before saying, ""your papa loved you very much"" üò≠üò≠üò≠üò≠üò≠üò≠"
healing movies recommend,6XcJP08Qva8,"Oh that wrecks me!  But at the end,  she is with her mom and dad, and the family keeps going, so it is a nostalgic cry for me."
healing movies recommend,6XcJP08Qva8,yes that was so emotional. mama coco is sooo cute
healing movies recommend,6XcJP08Qva8,i couldn't stop cryingü•∫
healing movies recommend,6XcJP08Qva8,I cry every single time. Ugly crying.
healing movies recommend,6XcJP08Qva8,"Coco is number 1 for me, gets me good every time!"
healing movies recommend,6XcJP08Qva8,"What about the ending to Shadow the Hedgehog (2005) the opening 40 seconds of"" Never Turn Back"". Makes me well up with tears. also makes me feel a little happy inside."
healing movies recommend,6XcJP08Qva8,¬†@bard the nascar fanatic dragon¬† I havent seen Sonic the Hedgehog.
healing movies recommend,6XcJP08Qva8,"¬†@Rio Toews¬† you mean shadow the hedgehog? it's a video game from 2005. I said that because of ""Never Turn Back."""
healing movies recommend,6XcJP08Qva8,¬†@bard the nascar fanatic dragon¬† ohhh okay yeah I don't think I have played it lol sorry
healing movies recommend,6XcJP08Qva8,¬†@Rio Toews¬† never turn back is the closing song.
healing movies recommend,6XcJP08Qva8,"""Crying helps me slow down and obsess over the weight of life's problems."" -Sadness, Inside Out"
healing movies recommend,6XcJP08Qva8,"The list of movies in case you're not gonna watch the whole video.10. Me Before You9. A Walk To Remember8. Titanic7. Bridge To Terabithia6. Brokeback Mountain5. Life is Beautiful (La vita √® bella)4. The Fault In Our Stars3. Marley and Me2. The Green Mile1. Hachi: A Dog's TaleHonorable mentions : Toy Story 3, Inside Out, Terms of Endearment, My Girl, Up."
healing movies recommend,6XcJP08Qva8,you are a saver thank you
healing movies recommend,6XcJP08Qva8,Thank you so much!!!
healing movies recommend,6XcJP08Qva8,Life saver. Dropped this üëëüëëüëë
healing movies recommend,6XcJP08Qva8,Thanks a lot for this
healing movies recommend,6XcJP08Qva8,The fault in our stars made me cry for real üò≥
healing movies recommend,6XcJP08Qva8,Thanks a lot üôè
healing movies recommend,6XcJP08Qva8,‚ÄúI wish I knew how to quit you‚Äù ü•∫ That line just hits different
healing movies recommend,6XcJP08Qva8,jack fucking twist broke my heart
healing movies recommend,6XcJP08Qva8,"I agree, Jake and Heath are such fantastic, charismatic actors, and that line hits me right in the feels! üò≠"
healing movies recommend,6XcJP08Qva8,what movie you guys are talking about?what is its name?
healing movies recommend,6XcJP08Qva8,¬†@BeetleJuice¬† brokeback mountain
healing movies recommend,6XcJP08Qva8,"Brokeback Mountain is such a beautifully written tragic love story... Amazing acting by Jake & Heath, beautifully shot, and masterfully crafted by the amazing Ang Lee."
healing movies recommend,6XcJP08Qva8,‚ù§Ô∏è‚ù§Ô∏è‚ù§Ô∏è
healing movies recommend,6XcJP08Qva8,It truly does
healing movies recommend,6XcJP08Qva8,"""Titantic"" never fails to make me weep. When Rose utters ""I'll never let go, Jack, that's my cue to bawl uncontrollably! üò≠üíî"
healing movies recommend,6XcJP08Qva8,üò≠üò≠üò≠üò≠üò≠üò≠üò≠
healing movies recommend,6XcJP08Qva8,Agreed. Such a beautiful line from a heartbreaking epic.
healing movies recommend,6XcJP08Qva8,"The she LETS go! As a younger girl watching I was like ""you let him...go"" yt growing up, wiser you get the significance of that line. She will never let him go.....from her heart. üíïüíî"
healing movies recommend,6XcJP08Qva8,"¬†@Kerry Ann¬† Too true, you never really forget your first love. I did feel a little sorry for Rose's deceased husband, though, since she'd presumably lived a long and happy life with him as well."
healing movies recommend,6XcJP08Qva8,she could‚Äôve moved over üôÑ‚úãüèΩ
healing movies recommend,6XcJP08Qva8,"and the fact that he doesn't necessarily mean never let go of him, but to never let go of her freedom and lust for life"
healing movies recommend,6XcJP08Qva8,¬†@Nikki B¬† yeah I got the film ending much clearer as I watched it as I got older. When I was young and seen it I took it a bit too literal! ü§£
healing movies recommend,6XcJP08Qva8,When I saw it I laughed at that part because she says she never let go and then does. But I cried at the very end when rose dies and goes back to jack in the ship along with all the other people that died.
healing movies recommend,6XcJP08Qva8,¬†@celestedits¬† 24 years later and people are still talking about that controversy.
healing movies recommend,6XcJP08Qva8,I felt so bad bc i laughed when i watched it
healing movies recommend,6XcJP08Qva8,I cant believe the notebook isnt even an honourable mention. That film gets me every timeüò≠üò≠
healing movies recommend,6XcJP08Qva8,I am always a blubbering mess after watching The Notebook. Even though I know whats going to happen.  Apart from A Bridge to Terabithia the others on the list just seemed a bit meh
healing movies recommend,6XcJP08Qva8,"I haven't watched the entire video yet, I guessed it would be right at the top. There's plenty of movies I wished were on the list.The Other Side of the MountainBrian's SongSomething for JoeyThe ChampI could go on and on."
healing movies recommend,6XcJP08Qva8,This video should be called ‚Äú10 movies that are great but you‚Äôll never want to watch again‚Äù
healing movies recommend,6XcJP08Qva8,"I mean, the sad news is... I've watched A Walk To Remember more times than I can count."
healing movies recommend,6XcJP08Qva8,"Some of these movies I've watched multiple times. I've watched A Walk To Remember more than most movies, and I saw Titanic 3 times just in the cinema!"
healing movies recommend,6XcJP08Qva8,When you've watched basically all the movies on this list.
healing movies recommend,6XcJP08Qva8,"¬†@Zoey x¬† You don't WANT to know how many times I've seen ""Titanic""!  I've only seen 6 of the ones listed here (including HMs), and I've seen each and every one of the 6 more than twice."
healing movies recommend,6XcJP08Qva8,"soo, i havent watched titanic at all. Should i watch it even knowing the ending?"
healing movies recommend,6XcJP08Qva8,Oh I will still watch them regardless if they make me cry or not. Like Titanic I always cry during that movie and I still watch it
healing movies recommend,6XcJP08Qva8,¬†@Hisyam Hasbi Ahmadinnahar¬† of course !
healing movies recommend,6XcJP08Qva8,you don't have to but do a a movies we hate list
healing movies recommend,6XcJP08Qva8,I watched HACHI every years ü•∫
healing movies recommend,6XcJP08Qva8,"Five Feet Apart should be in the honorable mentions at least, it simply destroyed me"
healing movies recommend,6XcJP08Qva8,Meh
healing movies recommend,6XcJP08Qva8,Yesss
healing movies recommend,6XcJP08Qva8,"See buddy, when i watched that movie, a cried and boy i cried my shit out"
healing movies recommend,6XcJP08Qva8,"I'm such a emotional wreck when it comes to The Green Mile, My Girl and anything with dying dogs! ü§¶‚Äç‚ôÄÔ∏è cry like baby!"
healing movies recommend,6XcJP08Qva8,"Me too, I'm extremely sensitive, and easily bawl at EVERYTHING! ""My Girl"" is the biggest offender! üíîüò¢"
healing movies recommend,6XcJP08Qva8,"¬†@Trina Q¬† aww it shows we are human üíïüíî. Ghost is another, so much more  now after Patrick's passing."
healing movies recommend,6XcJP08Qva8,"¬†@Kerry Ann¬† Seconded, I watched that movie again recently, and still teared up at Patrick descending into the light. üò≠"
healing movies recommend,6XcJP08Qva8,¬†@Trina Q¬† sometimes I wish my mum did what phoebe's mum did in Friends and switched the film off before it got to the sad part. ü§£. Actually the first time I seen ET the vhs tape messed and I didnt see the end.....the last I seen was him really poorly....üò¢üò¢.. so it took me  awhile of my sister convincing me he lived to watch it again. (She had seen it before) I still cried he went home but least he was alive lol
healing movies recommend,6XcJP08Qva8,"¬†@Kerry Ann¬† Ditto, why do children's films always have disturbingly heartbreaking content?! Despite knowing that ET is resurrected, it's still upsetting seeing him so sickly. Even worse, was that Drew Barrymore stated that she wasn't acting, she genuinely HATED seeing poor ET near death! üò≠üíî"
healing movies recommend,6XcJP08Qva8,"¬†@Trina Q¬† oh my God I didnt know that about Drew. You're right though, what is with disney too, always killing off a parent? So brutal! üíîüò¢"
healing movies recommend,6XcJP08Qva8,"¬†@Kerry Ann¬† Exactly, it seems to be an unofficial requirement for main characters in Disney movies to have either a deceased parent, or a parent who dies during the story."
healing movies recommend,6XcJP08Qva8,"¬†@Trina Q¬† how we are not scarred for life I'll never know! I think Thomas J was the first human I cried over....before that though there was a fair few animal movies I'd cried over.  Turner and Hooch for example, and Bambi broke my heart! üíî"
healing movies recommend,6XcJP08Qva8,"¬†@Kerry Ann¬† Yep, I can't believe that they DARED to kill off Macaulay Culkin, of all people! üò≠ ""Return to Oz"" and ""Watership Down"" also scarred me, yet they were ostensibly for children!"
healing movies recommend,6XcJP08Qva8,¬†@Trina Q¬† oh my goodness. Watership Down....another heartbreaker right there! We sound like we are very similar in what gets us.....like really gets us!  Emotional wrecks lol. I'm glad it's not just me.ü§óü§¶‚Äç‚ôÄÔ∏èü§£
healing movies recommend,6XcJP08Qva8,The Boy in the Striped Pajamas. I can never forget sobbing my eyes out to that movie.
healing movies recommend,6XcJP08Qva8,"I just commented on that one after not seeing it, and here it is. It made me completely sad and feeling a bit uneasy about our species."
healing movies recommend,6XcJP08Qva8,"I just recorded that movie because I haven't seen it in years. I just have to prepare myself first. It's playing on HBO and just found out it's on Hulu too, incase you want to see it again."
healing movies recommend,6XcJP08Qva8,Movie name
healing movies recommend,6XcJP08Qva8,For me it will always be 'Marley and me'.I've just lost a dog which was with us for 9 years :( The sadness is beyond.
healing movies recommend,6XcJP08Qva8,I feel thatI cried for our dog when it died
healing movies recommend,6XcJP08Qva8,Is it just me or I don‚Äôt cry watching titanic üòÇüòÇ
healing movies recommend,6XcJP08Qva8,I didn't either
healing movies recommend,6XcJP08Qva8,"Me neither, I never liked that movie"
healing movies recommend,6XcJP08Qva8,me too
healing movies recommend,6XcJP08Qva8,I didn‚Äôt cried
healing movies recommend,6XcJP08Qva8,¬†@Trish‚Äôs Adventure in Life¬† cry
healing movies recommend,6XcJP08Qva8,"I feel ""Life is beautiful"" deserves much higher position on this list. That movie is devestating!! I watched it as a teenager and it took me several days to recover emotionally üò≥üôÑ"
healing movies recommend,6XcJP08Qva8,Toy Story 3 is the most saddest movie ever of Pixar when we can see Andy saying Goodbye his toys and Woody he say Goodbye Cowboy give us the saddest and prettiest moment ever ever in the animation movie
healing movies recommend,6XcJP08Qva8,"""A walk to remember"" always breaking my heard üíî"
healing movies recommend,6XcJP08Qva8,I love 'Me Before You' the best love story ever!
healing movies recommend,6XcJP08Qva8,I've waited two weeks for this list just so I know Hatchi can get the recognition it deserves.
healing movies recommend,6XcJP08Qva8,Why do I cry during every movie about a dog? Hachi: a dog's tale A Dog's purpose and A Dog's JourneyMarley and me ü§ß
healing movies recommend,6XcJP08Qva8,Me too!! Legit like EVERY dog movie where the dog dies or something I start hysterically balling my eyes out!! üíØüò≠üíîüòïüêæHomeward Bound and Fox & The Hound gets me too along with the ones you said
healing movies recommend,6XcJP08Qva8,Eight Below
healing movies recommend,6XcJP08Qva8,Where The Red Fern Grows ü•∫üíîüòû
healing movies recommend,6XcJP08Qva8,"Saving Private Ryan to me has plenty of emotional moments from the start to end that blends a perfect balance of sad and respect.  With the song Hymn to the Fallen playing adds that mood. James ""Tell her that when you found me that I was here and I was with the only brothers I had left. There is no reason I would abandon them."" When an old James Ryan speaks to Captain Miller and asks his wife ""Tell me that I led a  good life. Tell me that I am a good man!"""
healing movies recommend,6XcJP08Qva8,"""Marley & Me"" and ""Toy Story 3"" both made my mom cry. ""Titanic"" is of my all-time favorites. Also, the ending of ""Driving Miss Daisy"" made me cry so much."
healing movies recommend,6XcJP08Qva8,My best friend and I went to see Me Before You at the brand new Movie Tavern when it first came out. We left the movie theater SOBBING and the poor waiter asked us if we were ok. We both gave a blubbering ‚ÄúNoooo‚Äù as we quickly left the theater üòÇüòÇüòÇüòÇüòÇüòÇ
healing movies recommend,6XcJP08Qva8,"When I went to see it, I could hear all the other people crying along with me."
healing movies recommend,6XcJP08Qva8,I always bawl like a baby whenever I watch Hachi and Marley & me. I even  teared up  watching the clips just now.
healing movies recommend,6XcJP08Qva8,"I‚Äôm in tears the last 15-20 minutes of Titanic every time, but when Rose says ‚ÄúI‚Äôll never let go, I promise‚Äù I‚Äôm sobbing uncontrollably."
healing movies recommend,6XcJP08Qva8,10. Me before you.9. A walk to remember.8. Titanic.7. Bridge to Tarabethia.6. Brokeback Mountain.5. Life is beautiful.4. The fault in our stars.3. Marley and me.2. The green mile.1.Toy story 3.
healing movies recommend,6XcJP08Qva8,Thank you
healing movies recommend,6XcJP08Qva8,"That's what i love about these movies, they have such emotional scenes and music in them that not even i can resist shedding a tear!"
healing movies recommend,6XcJP08Qva8,I cried like a baby when Gus told Hazel Grace that his cancer is back he went for a check up and his body lit up like a Christmas tree. I honestly didn't see it coming. I tear up thinking about it now even.
healing movies recommend,6XcJP08Qva8,"Watching ""Marley & me"" i thought i would laugh , but ended up making me cry a lot"
healing movies recommend,6XcJP08Qva8,"My brother cried 3 times during the movie. When the movie was done he said ""I'm not watching that movie again, it's too sad."""
healing movies recommend,6XcJP08Qva8,"I teared up just watching the scenes for A Walk to Remember, Bride to Terabithia and Marley and Me so I'd definitely say that they're tear jerkers!"
healing movies recommend,6XcJP08Qva8,Up is the prettiest and saddest animation movie of Pixar in all the time the Story is cute and saddest and the characters are cool and funny
healing movies recommend,6XcJP08Qva8,"A lot of Nicolas Sparks‚Äô movies made me cry, not only ‚ÄúWalk to remember‚Äù, but also ‚ÄúThe Last Song‚Äù or ‚ÄúThe Best of Me‚Äù. I believe, that Coco should be mentioned, by the end I was crying a lot..."
healing movies recommend,6XcJP08Qva8,"What Dreams May Come, and Eternal Sunshine of the Spotless Mind, too"
healing movies recommend,6XcJP08Qva8,On Inside Out by Disney/Pixar as the scene when Joy saw the good memories from the balls as she tries to make Riley's joyful until she cries just gets to me. üò≠
healing movies recommend,6XcJP08Qva8,"Good collection of films. I'd even add The Notebook, Love Story, P.S. I Love You,  Boys Don't Cry and Blue Valentine. I also loved Gone With The Wind...it bring tears to the eye at the doomed love story of Scarlett O'Hara and Rhett Butler"
healing movies recommend,6XcJP08Qva8,Blue valentine was hard to watch just seen now their life fell apart man that got me
healing movies recommend,6XcJP08Qva8,I watched hachi twice and still makes me cry.
healing movies recommend,6XcJP08Qva8,I‚Äôm hoping to see Hachi Edit: YESSSSSSS!!!!!!
healing movies recommend,6XcJP08Qva8,Me before you is such a great movie. Guarantee to make you bawl. I love it üíóüíó
healing movies recommend,6XcJP08Qva8,"A walk to remember my ultimate favourite movie of all time, I watched it more than 10 times and I'm still crying on it over and over, I just can't üò≠üò≠üò≠"
healing movies recommend,6XcJP08Qva8,"""A Walk To Remember"" is brutal, like genuinely brutal. It lures you in with youthful love and a story that twists and turns for good and bad, and ends with both in a joyful devestation."
healing movies recommend,6XcJP08Qva8,"I don't even need to watch the movies, just watching the clips in this countdown got me tearing up üò≠üò≠üò≠"
healing movies recommend,6XcJP08Qva8,Life is beautiful hurt me so much but it was so cute when that cute boy was shocked when he saw the solider and the tank
