search,id
funny movies recommend,T2hFpxIMXwM
funny movies recommend,o5OgxCsdjWE
funny movies recommend,s0gdBeTqql8
funny movies recommend,7YxRZu7ICgg
family movies recommend,yZTyd1nzpeI
family movies recommend,VmMX5MIilcQ
family movies recommend,q8LoBvJEiUU
family movies recommend,KBjxFIIrYU8
healing movies recommend,FBRYif75R9Y
healing movies recommend,PrhqeOKHmCQ
healing movies recommend,6XcJP08Qva8
healing movies recommend,_x4qbHRQAZg
scary movies recommend,gAMR_eabXN4
scary movies recommend,coIHeihoQ-A
scary movies recommend,DmXQr_jNlQE
scary movies recommend,FJgCxoj2-Z0
movies like Jurassic Park recommend,1asPLoYQCQA
movies like Jurassic Park recommend,y3b2SDqIuqM
movies like Jurassic Park recommend,psRjuO3dQCM
movies like Jurassic Park recommend,PzOOocrlyxc
movies In the mood for a good cry recommend,MNwNj1K-Jc0
movies In the mood for a good cry recommend,01E5otZCpqw
movies In the mood for a good cry recommend,zdWNoNdkmuA
movies In the mood for a good cry recommend,3EVRFhd9RCs
movies about devils recommend,V-9cN3hitzQ
movies about devils recommend,ntesLFSV5pk
movies about devils recommend,Q5G3OMyVn_o
movies about devils recommend,LycwGKdVR1M
movies with magical atmosphere recommend,fHA7Bddzx-4
movies with magical atmosphere recommend,gpQRtAvijGI
movies with magical atmosphere recommend,O2jKrq4KgPU
movies with magical atmosphere recommend,h8ePy1a4Uxo
Movies that feel like Twilight Zone recommend,RwTIgY12F6M
Movies that feel like Twilight Zone recommend,PbCjNsFwMSU
Movies that feel like Twilight Zone recommend,WO8BgKLnY9Q
Movies that feel like Twilight Zone recommend,YAUWCU5PlO0
strange movies on Netflix recommend,gAJTZxMMFp4
strange movies on Netflix recommend,1r3wWHrDfg8
strange movies on Netflix recommend,4G2PisM1-so
strange movies on Netflix recommend,4PCmbdek3pQ
movies with a morally justified villain recommend,2EN-lG0Ho4U
movies with a morally justified villain recommend,Pr9ruvxA3K4
movies with a morally justified villain recommend,PJktJhSeuOs
movies with a morally justified villain recommend,fUlGtrHCGzs
Spanish movies recommend,PEGBiBnA7zs
Spanish movies recommend,t2Z14vSuSmI
Spanish movies recommend,mwakqGMhB5s
Spanish movies recommend,7-iMt9uH-pA
action movies from 60s recommend,PjnwAmDDyjI
action movies from 60s recommend,OBa6tTXeb04
action movies from 60s recommend,rdGVZ48TsrQ
action movies from 60s recommend,ops0vB6Nfm8
movies where a man is victim recommend,QVeCQKRDz60
movies where a man is victim recommend,iUWXsVkcOsw
movies where a man is victim recommend,w_6ID8hpiNQ
movies where a man is victim recommend,XgOXV93iTr8
Mindfuck movies recommend,vKEatwG_kXk
Mindfuck movies recommend,cgz-F_2ojP4
Mindfuck movies recommend,8VmCxNXMq08
Mindfuck movies recommend,iKwAMFhMYNg
Best stalking movies recommend,_WsEceeXSGU
Best stalking movies recommend,rZ1MPc5HG_I
Best stalking movies recommend,sgy1gh0e8jI
Best stalking movies recommend,vvabYBeq4FY
movies with philosophical meaning recommend,1cYCbW9w0Zw
movies with philosophical meaning recommend,6k80tSWsxt0
movies with philosophical meaning recommend,pW0UmZLUzDU
movies with philosophical meaning recommend,ANUunK6kiqU
Best Sandra Bullocks Movies recommend,axBsGE-C2OY
Best Sandra Bullocks Movies recommend,IwCpouYu3xU
Best Sandra Bullocks Movies recommend,JNUjx7LZoiU
Best Sandra Bullocks Movies recommend,UNF90SVHGtc
good Sci-Fi movies recommend,P6EyjIvbex8
good Sci-Fi movies recommend,_Y1tNkzLEUM
good Sci-Fi movies recommend,YyyEADhvlJ8
good Sci-Fi movies recommend,C8xAuN_nHNc
movies like lost recommend,lpFLIoFPMj0
movies like lost recommend,BcIsUfUew2c
movies like lost recommend,Y1rOI35m1AM
movies like lost recommend,wfO_VMhVXGg
movies before die recommend,X3GB0yrSV9Y
movies before die recommend,_CVV6DOffkU
movies before die recommend,J5bw67D-DuE
movies before die recommend,8JKBIPULkbM
Movies about great success recommend,z16HKjVqJQI
Movies about great success recommend,N9yEPGypM-I
Movies about great success recommend,U_mXDjO8Mo4
Movies about great success recommend,-PtyK_r57as
movie to watch in English class recommend,LZ0v9A5iEG4
movie to watch in English class recommend,6TJZ-3hcHBw
movie to watch in English class recommend,4uerFSSBhko
movie to watch in English class recommend,YNOp_e0CorY
postmodernism movies recommend,qebm_7gGSKw
postmodernism movies recommend,f8EfyhIv72I
postmodernism movies recommend,elwMJRaN0gM
postmodernism movies recommend,5x4ntciHTXU
movies for watching with mom recommend,buKpcZOYuJc
movies for watching with mom recommend,eFcQ9U4fBSs
movies for watching with mom recommend,32sr_zWFEHQ
movies for watching with mom recommend,t1ML_PvCG0c
hitchcock movies recommend,fVoVdKOLP04
hitchcock movies recommend,GiFTREw4dsg
hitchcock movies recommend,7sxyirGXWSg
hitchcock movies recommend,eo5WyB70Zzo
twisted ending movies recommend,vZXNJ9ALFaI
twisted ending movies recommend,Invd_f70bdo
twisted ending movies recommend,FrZ-5xrj1dY
twisted ending movies recommend,qTLVxepnbSY
movies for kids recommend,ztH5zWZFOVM
movies for kids recommend,rBDDcN-tkvM
movies for kids recommend,G-D_dGnkul0
movies for kids recommend,SRww7Uao9fg
movies about mafia recommend,mghDRQVrX10
movies about mafia recommend,nwnYc7fbjOI
movies about mafia recommend,p2Gzvt0NzAE
movies about mafia recommend,OfQo98ZrhTE
movies for teenager recommend,vP_uiAC8fFw
movies for teenager recommend,wFw3Y9kExAA
movies for teenager recommend,uYBSMoF9T4
movies for teenager recommend,q8LoBvJEiUU
movies with attractive villains recommend,DrcyPA75Pf4
movies with attractive villains recommend,r9hcpVcV-Zo
movies with attractive villains recommend,4EIbHLP_zNU
movies with attractive villains recommend,K6jTqNqLh-Q
movies when I'm depressed recommend,HHJC_mzv9Tk
movies when I'm depressed recommend,U5sLtyUvL8U
movies when I'm depressed recommend,Y1rOI35m1AM
movies when I'm depressed recommend,IgvlK-KpcGs
best japanese movies recommend,eaB_NMDj5fU
best japanese movies recommend,PP58_Va82lk
best japanese movies recommend,cUYVCba4o50
best japanese movies recommend,XnmhR_c61GE
movies for cooking recommend,BVSKrqZ61nM
movies for cooking recommend,DZ7hFu1eUrg
movies for cooking recommend,VVvnUvWWWvM
movies for cooking recommend,hl-L9LUCBNk
sad movies recommend,Y1rOI35m1AM
sad movies recommend,6XcJP08Qva8
sad movies recommend,kYjH9AtpdhE
sad movies recommend,QcA4qI9OZk8
motivational movies recommend,BcIsUfUew2c
motivational movies recommend,3jWkxL0HfiQ
motivational movies recommend,i65Dl3w_gMM
motivational movies recommend,BsW32Kc-jdw
Psychological thrillers movie recommend,C1C9OLNSPig
Psychological thrillers movie recommend,byXgz1gOjAw
Psychological thrillers movie recommend,6NAc06aRXuQ
Psychological thrillers movie recommend,J6xaF9H0OEs
b-movie recommend,KwQofwibM-A
b-movie recommend,fGGSzmE7CKo
b-movie recommend,qpPF4TC-3rU
b-movie recommend,q8LoBvJEiUU
critically acclaimed movies recommend,CpxHxJtg0Xk
critically acclaimed movies recommend,flp3utyo_vs
critically acclaimed movies recommend,lIi7Jj32XUc
critically acclaimed movies recommend,TgvKHOXEpmM
movies that change my life recommend,BcIsUfUew2c
movies that change my life recommend,UnGBg9BMp44
movies that change my life recommend,idZUsjVioDQ
movies that change my life recommend,r7Vjh6LGKNg
movie cult classics must see recommend,K8MxY9FSHKM
movie cult classics must see recommend,bTWntQOv__Q
movie cult classics must see recommend,5GBPVaim1eM
movie cult classics must see recommend,LLweeOD_5A8
great friendship between a man and a woman movies recommend,XsFJFfegkj4
great friendship between a man and a woman movies recommend,6-Eg_TaGfTI
great friendship between a man and a woman movies recommend,Oyp8JPS2f1A
great friendship between a man and a woman movies recommend,Q1d80-8DP9c
unique korean movies recommend,cGaqdcZqEss
unique korean movies recommend,Y76AYzSMtDo
unique korean movies recommend,8EuDEjfvwjk
unique korean movies recommend,ILKJuVoicdY
movies dealing with loneliness recommend,VP4P7n8eP0I
movies dealing with loneliness recommend,HHJC_mzv9Tk
movies dealing with loneliness recommend,IjikDWX1c5E
movies dealing with loneliness recommend,hJnHbXV8_9U
foriegn movies recommend,kA3i_w6vjYQ
foriegn movies recommend,zxANWndDXic
foriegn movies recommend,TtM-jbQYfcE
foriegn movies recommend,Y76AYzSMtDo
sappy movies to watch with my girlfriend recommend,7L1juvSThH8
sappy movies to watch with my girlfriend recommend,BNGQZpxIKUM
sappy movies to watch with my girlfriend recommend,4Ay_0qOAvm8
sappy movies to watch with my girlfriend recommend,tOIpZpPyLsw
movies for foreplay recommend,EKRlBvHFkOo
movies for foreplay recommend,JfovpxPe3t8
movies for foreplay recommend,4OhFxRixv4M
movies for foreplay recommend,q3k8P5gYMrM
movies about haters recommend,bavwnDE7LOw
movies about haters recommend,9hEWxxxQFNg
movies about haters recommend,TSN2Dr7GdJ0
movies about haters recommend,OD2_EteDM2s
best movies from the Golden age of Hollywood recommend,7x6IH-5TAtM
best movies from the Golden age of Hollywood recommend,RxNMJBjKtm8
best movies from the Golden age of Hollywood recommend,Bi57_AYFVTQ
best movies from the Golden age of Hollywood recommend,HHljMoJ8fMc
movies with great spying/tailing/surveillance recommend,AgZPqcpfayU
movies with great spying/tailing/surveillance recommend,HpmzT_qOg9E
movies with great spying/tailing/surveillance recommend,22UoudXbims
movies with great spying/tailing/surveillance recommend,6XBQPGAqi0c
movies like Zootopia recommend,f-woRJbpRp0
movies like Zootopia recommend,IlkvxV1laO8
movies like Zootopia recommend,isWwIwtAn8M
movies like Zootopia recommend,G-D_dGnkul0
drug movies recommend,dqQ-jFKiwD4
drug movies recommend,KOZ43xPG_AY
drug movies recommend,vgTahwC_VfM
drug movies recommend,Q2znm1ipjlU
best apocalypse movies recommend,vJFh0dQQ0a0
best apocalypse movies recommend,m2BUhd9kiGk
best apocalypse movies recommend,ao5BZFIBvZ8
best apocalypse movies recommend,lsWCanNBCmM
great movies in western genre recommend,9VVh128gZEA
great movies in western genre recommend,wAMwmfkZ6_8
great movies in western genre recommend,9dbHg_8Vc3I
great movies in western genre recommend,KNHP8NRbCmI
must watch movies on Netflix recommend,ZTv5lBU6qQ0
must watch movies on Netflix recommend,rVQJ2VUfNtU
must watch movies on Netflix recommend,QKN-YwYwI_I
must watch movies on Netflix recommend,5-X2LhQXOLM
good winter movies recommend,K5K6PvCXT3c
good winter movies recommend,ZbGXTQzjO2w
good winter movies recommend,GnvjRECPic4
good winter movies recommend,zY8seOVStNw
dark detective movies recommend,yf5yG2vJFpU
dark detective movies recommend,d72O6Z2jGn0
dark detective movies recommend,aImd3WPgWg0
dark detective movies recommend,mUMWuC66Roo
Badass Martial Arts movies with Female Leads recommend,_uanFCDkWfc
Badass Martial Arts movies with Female Leads recommend,D9cq45kP8gI
Badass Martial Arts movies with Female Leads recommend,Aa7DswPw1UA
Badass Martial Arts movies with Female Leads recommend,A29ryCjuLNc
Lovecraftian Adaptations movies recommend,hQgwY86yyHA
Lovecraftian Adaptations movies recommend,V6I-l06gqLQ
Lovecraftian Adaptations movies recommend,Z_KtMeVaEC8
Lovecraftian Adaptations movies recommend,s_NcZl5bi38
movies with the dead rising recommend,uybCla2dqoM
movies with the dead rising recommend,PlBDE3LLfe8
movies with the dead rising recommend,XxTt_s5RmV0
movies with the dead rising recommend,AruGBpVUNQk
movies like Black Swan recommend,yrdJFRQHieA
movies like Black Swan recommend,pJN5YejCNIY
movies like Black Swan recommend,C1C9OLNSPig
movies like Black Swan recommend,vB-Qb0GlLgI
movies similar to Call Me By Your Name recommend,dVdZ68Sz9FI
movies similar to Call Me By Your Name recommend,U_9x7Z5xv3o
movies similar to Call Me By Your Name recommend,iiG9bg1sbNA
movies similar to Call Me By Your Name recommend,BNtvTr4hADk
action movies like The Equalizer recommend,r-yyFUcoeNw
action movies like The Equalizer recommend,AfBjUzCE-p4
action movies like The Equalizer recommend,xu98fNxZsFA
action movies like The Equalizer recommend,DWn8ngfWmc0
movies built like a quentin tarantino film recommend,9Y4vII7-8o0
movies built like a quentin tarantino film recommend,x_DTWTmajjY
movies built like a quentin tarantino film recommend,tIoUKFdt5l0
movies built like a quentin tarantino film recommend,f-EmY_O3g3U
movies like the hangover recommend,0I0XGDdpYxE
movies like the hangover recommend,7YxRZu7ICgg
movies like the hangover recommend,LQnOaWlJ3yA
movies like the hangover recommend,KYGw7GsttDg
Original-Sequel duo of movies recommend,IyxGabuD_aw
Original-Sequel duo of movies recommend,K8yEQBXzixU
Original-Sequel duo of movies recommend,_CLEHqQ6i20
Original-Sequel duo of movies recommend,wzOYUmelXVM
epic fantasy movies recommend,U5kj3t2mC3s
epic fantasy movies recommend,D6fd9hLP9Z8
epic fantasy movies recommend,CAVr4Pd9urM
epic fantasy movies recommend,-V4bSXHzVwo
movies that fuck your mind recommend,oTtHoC1onzg
movies that fuck your mind recommend,U3tbM51rrak
movies that fuck your mind recommend,cgz-F_2ojP4
movies that fuck your mind recommend,vKEatwG_kXk
Netflix sports movies recommend,XFpsZdABUBc
Netflix sports movies recommend,vpYLGJlwA-4
Netflix sports movies recommend,4pMNGpntGcY
Netflix sports movies recommend,TPigTayUVBc
Remakes That Are Better Than The Original movies recommend,CKkIGoNCWE4
Remakes That Are Better Than The Original movies recommend,L7O3oRkb6eQ
Remakes That Are Better Than The Original movies recommend,_139Acb5dnA
Remakes That Are Better Than The Original movies recommend,r1UI1wQbBZw
movies set in Nepal recommend,tbTU4u8gGbY
movies set in Nepal recommend,YzqNfEgSHbE
movies set in Nepal recommend,Wg5zmMOUMHU
movies set in Nepal recommend,kj0DZJJlfo8
hipster feeling movies recommend,q0jd2r4O1JA
hipster feeling movies recommend,k-UTRy1pmB8
hipster feeling movies recommend,U_BRt4b76AE
hipster feeling movies recommend,osbJoOyUT4o
movies about surfing recommend,X3MRESarqc8
movies about surfing recommend,PUsczLpxJDo
movies about surfing recommend,HRnEUGKiWn4
movies about surfing recommend,omdNHYf6OZA
movies with great soundtracks recommend,i19Y7HnW38U
movies with great soundtracks recommend,8H29XVCOt8M
movies with great soundtracks recommend,qeShh31BNtc
movies with great soundtracks recommend,HL0cPmVrgnk
Movies about Vietnam War recommend,RMMd2mrJnVM
Movies about Vietnam War recommend,ziZNxbs6Spo
Movies about Vietnam War recommend,wFTXT4FYM-k
Movies about Vietnam War recommend,5X0d-rNP0VA
movies based on true story recommend,t2Z14vSuSmI
movies based on true story recommend,zxf6hhm9IFg
movies based on true story recommend,eK6NYFsdYYs
movies based on true story recommend,u_hpMPvms3k
happiness movies recommend,BcIsUfUew2c
happiness movies recommend,U_BRt4b76AE
happiness movies recommend,JkZD_6mkcPM
happiness movies recommend,TkBwvhOrdl0
movies after 2010 recommend,pdaMBWw8vPY
movies after 2010 recommend,mvsQduzqKEM
movies after 2010 recommend,ioTU0GY3z-c
movies after 2010 recommend,zJEKqIasWRU
best original netflix movies recommend,X9irgB-8nu0
best original netflix movies recommend,5-X2LhQXOLM
best original netflix movies recommend,ZTv5lBU6qQ0
best original netflix movies recommend,jT5isafirsQ
female character movies recommend,O2NZJqvSnc0
female character movies recommend,Aa7DswPw1UA
female character movies recommend,BkB6TJZ7RrM
female character movies recommend,IpRFF9g7tFk
Movies about dictators recommend,rOpRBZkhtSM
Movies about dictators recommend,xCIJY0B5ZTI
Movies about dictators recommend,ltpXs0b51a8
Movies about dictators recommend,Q8ghj_BQ-08
movies tells about genius recommend,kZQLl--uaYY
movies tells about genius recommend,KzIimQkl6og
movies tells about genius recommend,CDVD3YTRAV8
movies tells about genius recommend,ODsxwe6SgpU
movies great breakthrough performances by an actor recommend,LWQ2nWy8WIs
movies great breakthrough performances by an actor recommend,MDaEd478HWM
movies great breakthrough performances by an actor recommend,Hcnqx4WIwK8
movies great breakthrough performances by an actor recommend,SqdAYNkDtx8
Good Canadian Movies recommend,OjTXyiA6USA
Good Canadian Movies recommend,g8xgZcoEvRQ
Good Canadian Movies recommend,ewV_qicduKE
Good Canadian Movies recommend,NgsvwqLwJuE
most strange movies recommend,W_KV_HNeGzw
most strange movies recommend,HHljMoJ8fMc
most strange movies recommend,WNHF7j0PGcI
most strange movies recommend,hLHhnF1lph8
romance between Older Woman/Younger Man movies recommend,enCwumVCE-w
romance between Older Woman/Younger Man movies recommend,Oyp8JPS2f1A
romance between Older Woman/Younger Man movies recommend,K_1c9ouzxgA
romance between Older Woman/Younger Man movies recommend,2Bjx1CVYlzI
movies before 2000 recommend,tc1xKIn5Hp8
movies before 2000 recommend,wVIXUE4r1e8
movies before 2000 recommend,Z4tQUj9YVSM
movies before 2000 recommend,ioTU0GY3z-c
movies for healing tired mind recommend,HHJC_mzv9Tk
movies for healing tired mind recommend,U_BRt4b76AE
movies for healing tired mind recommend,BcIsUfUew2c
movies for healing tired mind recommend,hJnHbXV8_9U
dark movies recommend,rR6pMauHJ4A
dark movies recommend,h9TLBVoyeHY
dark movies recommend,7xCEIku2zDs
dark movies recommend,SlWAUovDE1A
movies similar to black mirror recommend,WeosfugHZCM
movies similar to black mirror recommend,pTF2VSoo7hI
movies similar to black mirror recommend,5EiOKlIBxqs
movies similar to black mirror recommend,hR3gwJvDKHQ
movies with attractive characters recommend,dTnTrQUhqdo
movies with attractive characters recommend,yOy2iXl3vE8
movies with attractive characters recommend,gWgMygzPoHg
movies with attractive characters recommend,DrNfwwrcoTw
Science fiction movies with interesting idea recommend,P6EyjIvbex8
Science fiction movies with interesting idea recommend,YyyEADhvlJ8
Science fiction movies with interesting idea recommend,4pMNGpntGcY
Science fiction movies with interesting idea recommend,LniCiCOm4j8
movies about dog and host recommend,eL41VpVCMzA
movies about dog and host recommend,LeSAzZIkPTc
movies about dog and host recommend,HKeUIuaabvE
movies about dog and host recommend,xbyfh0xkTBk
movies after broken recommend,DW9fpMTlu3k
movies after broken recommend,DyfmJixfKKw
movies after broken recommend,Y1rOI35m1AM
movies after broken recommend,6XcJP08Qva8
mindless movies recommend,q8LoBvJEiUU
mindless movies recommend,HHljMoJ8fMc
mindless movies recommend,cgz-F_2ojP4
mindless movies recommend,o5OgxCsdjWE
movies to watch on a saturday night recommend,q8LoBvJEiUU
movies to watch on a saturday night recommend,o5OgxCsdjWE
movies to watch on a saturday night recommend,T2hFpxIMXwM
movies to watch on a saturday night recommend,tpOp1ldThhg
Nihilistic movies recommend,H7ltVN96kOA
Nihilistic movies recommend,qaEAtgnxdT0
Nihilistic movies recommend,1cYCbW9w0Zw
Nihilistic movies recommend,3V21vjxH8VE
movies with handsome guys recommend,RJaeNWWaCDU
movies with handsome guys recommend,pBNDEXPDqRw
movies with handsome guys recommend,T-Tzmjmygs4
movies with handsome guys recommend,gjHnvtTyPs8
very underrated movies recommend,HHljMoJ8fMc
very underrated movies recommend,uNUSVEOqG-g
very underrated movies recommend,ZcrZEbEYOu0
very underrated movies recommend,imin5FBFzbc
Movies like Little Miss Sunshine recommend,AB8WNA1qQp4
Movies like Little Miss Sunshine recommend,Kidxgy0D_XI
Movies like Little Miss Sunshine recommend,U_BRt4b76AE
Movies like Little Miss Sunshine recommend,PtXur0WyAV0
positive mindset movies recommend,BcIsUfUew2c
positive mindset movies recommend,gsjEX91vAgY
positive mindset movies recommend,PrhqeOKHmCQ
positive mindset movies recommend,giMCqTSlJTs
good trilogy movies recommend,_ccYCa-xZUU
good trilogy movies recommend,V8Xh6wXLkys
good trilogy movies recommend,sf3KbNZ0eEM
good trilogy movies recommend,1LMtl2pVFz8
best director's movies recommend,QWsF0MlTQug
best director's movies recommend,6ddi8xO1mrs
best director's movies recommend,kSMk4d-cJqY
best director's movies recommend,P7OnBcsQNho
star wars like movies recommend,KorPqlQBIQ4
star wars like movies recommend,z9ALr1cR6yE
star wars like movies recommend,L9KQBd9j_Mw
star wars like movies recommend,37oiBF5QmTw
European movies recommend,3JUNz6rqbGs
European movies recommend,PxmDPtk1Fdo
European movies recommend,9wdmcmPJUJI
European movies recommend,ZTv5lBU6qQ0
funny comedy movies which female leads recommend,qjhXHhQdQhA
funny comedy movies which female leads recommend,o5OgxCsdjWE
funny comedy movies which female leads recommend,_3MV7ADiyhQ
funny comedy movies which female leads recommend,q8LoBvJEiUU
movies like love actually recommend,ClOm2FqUXTU
movies like love actually recommend,5LpMrzjylpk
movies like love actually recommend,mEHhBjXSIDg
movies like love actually recommend,r_vkC9f05os
Scary Non-Horror movies recommend,sWTHs7fOm_k
Scary Non-Horror movies recommend,6prlXyzKee0
Scary Non-Horror movies recommend,u58GSL-oQbY
Scary Non-Horror movies recommend,S6s2ACQf-ns
good lesbian Movies recommend,OGR2vvOH-Wc
good lesbian Movies recommend,okN9zlvExMg
good lesbian Movies recommend,qqqz1c20quQ
good lesbian Movies recommend,YqFrDE3EZzE
mind-blowing ending movies recommend,aPz8TCGNC9M
mind-blowing ending movies recommend,Ax1Cy9sh7_M
mind-blowing ending movies recommend,cgz-F_2ojP4
mind-blowing ending movies recommend,Pxf9DSPkAlc
animal documentary movies recommend,rIw0_Qy1tjw
animal documentary movies recommend,XmtXC_n6X6Q
animal documentary movies recommend,IehzrvJB0wQ
animal documentary movies recommend,7jUW96CiEKA
movies with survival theme recommend,lpFLIoFPMj0
movies with survival theme recommend,TRt3za2W850
movies with survival theme recommend,eCfRdjv7K80
movies with survival theme recommend,1ScOP3ZpV5s
moving anime movies recommend,z6fSAmJPm10
moving anime movies recommend,feYVo3i9FGU
moving anime movies recommend,m8j4-udxq2Y
moving anime movies recommend,Vb2HFjM_IkY
must see anime movies recommend,feYVo3i9FGU
must see anime movies recommend,bCG62j3_454
must see anime movies recommend,gMebcEgwc3g
must see anime movies recommend,sTDwucWHAgY
love triangle movie recommend,3_wuMwNLO3g
love triangle movie recommend,JcJnwo0R-78
love triangle movie recommend,7FQtZDH_92k
love triangle movie recommend,9YKLwv-u1Ng
iconic movies recommend,6VO9wAfHvC0
iconic movies recommend,c0FsyC0Qk5Q
iconic movies recommend,pdaMBWw8vPY
iconic movies recommend,TgvKHOXEpmM
modern horror style movies recommend,M0OiiIdXxCM
modern horror style movies recommend,gAMR_eabXN4
modern horror style movies recommend,I0xrQsywq7w
modern horror style movies recommend,coIHeihoQ-A
good samurai movies recommend,2Vz3sTgvrZA
good samurai movies recommend,_5OeN123S2k
good samurai movies recommend,nPh632TBRqs
good samurai movies recommend,d4r0xi3o1j0
movies similar birdbox recommend,ZaCMI3EcXg4
movies similar birdbox recommend,gp4kKog1HCw
movies similar birdbox recommend,xNmFxn7lWE0
movies similar birdbox recommend,icS7AVKffCY
good movies from the 90s/early 2000s recommend,aDQ9b0vW0no
good movies from the 90s/early 2000s recommend,9AROwVUf-mU
good movies from the 90s/early 2000s recommend,mgOnBBpJdLI
good movies from the 90s/early 2000s recommend,dA-KcQ5BzUw
excellent movies for entrepreneurs recommend,pArjmwVai_Q
excellent movies for entrepreneurs recommend,Nn6foRFSJEk
excellent movies for entrepreneurs recommend,F6-RR0L70Xk
excellent movies for entrepreneurs recommend,Ox60VBuvL88
crime related movies recommend,mUMWuC66Roo
crime related movies recommend,G3BDNgNnq-g
crime related movies recommend,yf5yG2vJFpU
crime related movies recommend,0wCbJ12IJSs
movies that tells about rich people recommend,RR0L70Xk&t=3s
movies that tells about rich people recommend,JKIRQCc-LtQ
movies that tells about rich people recommend,1Nhi7bhgtrU
movies that tells about rich people recommend,PoQ8rrQh9y8
great russian movies recommend,fza7Agg3V6k
great russian movies recommend,fRvcMCZwH4o
great russian movies recommend,uFjZ1gKm6n4
great russian movies recommend,Vf831x-mMzA
comfort movies recommend,JJ7tTZGvVRk
comfort movies recommend,fh-1etD-hyw
comfort movies recommend,U_BRt4b76AE
comfort movies recommend,kK-orHbehp0
movie about wolves recommend,kj5dTJ9rP50
movie about wolves recommend,oNPqlqbPeh8
movie about wolves recommend,vOnWEmbW3OQ
movie about wolves recommend,xvOpO1iMaF8
Movies that make non-criers cry recommend,6XcJP08Qva8
Movies that make non-criers cry recommend,Y1rOI35m1AM
Movies that make non-criers cry recommend,O8yE1VdazbE
Movies that make non-criers cry recommend,ZDbtKY4oej8
Looking for a movie for New years eve recommend,uD6o96FIUhU
Looking for a movie for New years eve recommend,-0u4-2z80TA
Looking for a movie for New years eve recommend,SAs_3wTydc0
Looking for a movie for New years eve recommend,fEaJu2cZMUY
movies with warriors or heroes recommend,XimyyapeZcU
movies with warriors or heroes recommend,DQVuVVntvqc
movies with warriors or heroes recommend,jznwXnx1how
movies with warriors or heroes recommend,MhpUmDq1Zf8
Marvel movies recommend,whY6ZqSvO8w
Marvel movies recommend,vSWS1rmyX24
Marvel movies recommend,yinFWWqIe8Q
Marvel movies recommend,un9ZKvEhUoU
movies about hackers recommend,fDjNmXxheio
movies about hackers recommend,OTOV5ePy2Zc
movies about hackers recommend,KP8COJRucDc
movies about hackers recommend,j7BVMYcdPxs
some great drama movies recommend,qDwRSu2sJh4
some great drama movies recommend,jPNev-9Nvec
some great drama movies recommend,zY_8OLp2Bng
some great drama movies recommend,zY_8OLp2Bng
movies similar to Alien and Predator recommend,sG6cwRq4oOU
movies similar to Alien and Predator recommend,1QuVz7f_cUg
movies similar to Alien and Predator recommend,nYwg-2ZJjes
movies similar to Alien and Predator recommend,MWFm4j39YCE
satisfying revenge movies recommend,AMv-koOkHvk
satisfying revenge movies recommend,8aSDfpdHVZM
satisfying revenge movies recommend,fA3kKi9T6uk
satisfying revenge movies recommend,Kih9FyID0DI
movies with dark humors recommend,p3Co2OLO_eg
movies with dark humors recommend,yCLjXiOx6UI
movies with dark humors recommend,nzML3cI2zDQ
movies with dark humors recommend,UG-cgf7YuGE
movies about history recommend,_q8NCKx3Pgw
movies about history recommend,HyEtaxhqIyU
movies about history recommend,CKGN-useSD8
movies about history recommend,BxHS3GGWIsc
good heist movie recommend,K5GU9XJaV2M
good heist movie recommend,Ag4W99hEdnk
good heist movie recommend,vJwa-JrH4GA
good heist movie recommend,ySWOAgyAddo
some must-watch movies recommend,lIi7Jj32XUc
some must-watch movies recommend,hVo2qyF_G34
some must-watch movies recommend,pdaMBWw8vPY
some must-watch movies recommend,TgvKHOXEpmM
entertaining spy movies recommend,AgZPqcpfayU
entertaining spy movies recommend,wJUbFUNwL-E
entertaining spy movies recommend,22UoudXbims
entertaining spy movies recommend,8vS_3mQTmP4
Holiday movies recommend,VP1XLAujDs8
Holiday movies recommend,kfLa-gkEExU
Holiday movies recommend,_Xow6QnwHAE
Holiday movies recommend,FToxki-HpcI
movies about trip recommend,uz8IZgk8svQ
movies about trip recommend,b5fsuOm0uSA
movies about trip recommend,06Kh81qccXE
movies about trip recommend,-D7O2rGK-Kw
movies with monsters recommend,yYiMBsQMWkY
movies with monsters recommend,Xoldbvvgxjk
movies with monsters recommend,bLJDU6SrIwc
movies with monsters recommend,IqDGtNX5LZM
hindie movies recommend,z0plGMwCZUo
hindie movies recommend,QSOgJhjA3O4
hindie movies recommend,w9a0q53DW_s
hindie movies recommend,vBJWPNRdNyI
movies with terrible sequels recommend,0Y_3igyDom4
movies with terrible sequels recommend,fugJEANT-b4
movies with terrible sequels recommend,7qmRXRwPs54
movies with terrible sequels recommend,qSQF0Nxfk1c
mystery thrillers movies recommend,zOucbvKHPeQ
mystery thrillers movies recommend,otwfRPuE6O8
mystery thrillers movies recommend,L2KOeOg_iTI
mystery thrillers movies recommend,kLO9F7TKPm8
movie about sniper recommend,xUW_2rWyK2Q
movie about sniper recommend,bvRIitzdUYM
movie about sniper recommend,0ZR4c_2GEkA
movie about sniper recommend,N33YPfiaUQk
gambling movie recommend,3eGqJXEOZ80
gambling movie recommend,9DZYaDIwfWI
gambling movie recommend,fjN5kHXU-p8
gambling movie recommend,hkaFXyg0sNE
romantic movie of middle ages recommend,X6jc9MNLxC4
romantic movie of middle ages recommend,RTJ6TU-krOw
romantic movie of middle ages recommend,rLt-2dJRTxs
romantic movie of middle ages recommend,Oyp8JPS2f1A
movies with sexy characters recommend,l2tm1WDOVFU
movies with sexy characters recommend,RJaeNWWaCDU
movies with sexy characters recommend,mIq5H-YBoHQ
movies with sexy characters recommend,JPzO9J9zSCw
movie like quiet place recommend,VfjfvclXM9w
movie like quiet place recommend,xNmFxn7lWE0&t=3s
movie like quiet place recommend,nuj_ZpscLMc
movie like quiet place recommend,SEGCe1cB6sM
best A24 movie recommend,yz6V1OoILRg
best A24 movie recommend,t_6XheyUiMM
best A24 movie recommend,CEQbvgTToRU
best A24 movie recommend,WvJs-NDQayI
movie with happy endings recommend,qmhKjMoc-LI
movie with happy endings recommend,tldrGFMomn8
movie with happy endings recommend,Q1v4iaZ0FB0
movie with happy endings recommend,54WdT5A_IuA
movies takes in dessert recommend,sPv7ezdX2ss
movies takes in dessert recommend,-AYBLNlGOR0
movies takes in dessert recommend,zmLwpaK9p14
movies takes in dessert recommend,lpFLIoFPMj0
movies about singer recommend,KQhW5mSssAs
movies about singer recommend,TN8s1dxSQjo
movies about singer recommend,cE2w8HUxbBo
movies about singer recommend,dc9BjcboAiw
movies about martial arts recommend,MrY7O6sJ7gc
movies about martial arts recommend,B9ZiAyMklo4
movies about martial arts recommend,EtCcsoVmyM0
movies about martial arts recommend,1KF_9_Pa5fg
most ridiculous sci-fi movies recommend,hehX154b43c
most ridiculous sci-fi movies recommend,4pMNGpntGcY
most ridiculous sci-fi movies recommend,YyyEADhvlJ8
most ridiculous sci-fi movies recommend,_Y1tNkzLEUM
dark-gothic movies recommend,DtH0vRqz4Lg
dark-gothic movies recommend,04UEhDcHwgI
dark-gothic movies recommend,7tn6KBHMwZE
dark-gothic movies recommend,IK-gkbQrkoY
brutal or violent movies recommend,4PWMXu0SwY4
brutal or violent movies recommend,3NfMZmnNqHs
brutal or violent movies recommend,EQMz9arTxGA
brutal or violent movies recommend,jbyFXcQYttM
movies about airplane recommend,4pHyYe7UOp4
movies about airplane recommend,cPQMLrVCv6w
movies about airplane recommend,vV0FMprrbDE
movies about airplane recommend,fYvCjT4DMCQ
movies based on the Revolutionary War recommend,5GB3I2sxfoM
movies based on the Revolutionary War recommend,_q8NCKx3Pgw
movies based on the Revolutionary War recommend,q0Is32ggagE
movies based on the Revolutionary War recommend,c4sy_k76BuE
Contemporary Foreign Language movies recommend,HTNmuNbmfUg
Contemporary Foreign Language movies recommend,zxANWndDXic
Contemporary Foreign Language movies recommend,bRRn1XKu5EQ
Contemporary Foreign Language movies recommend,TtM-jbQYfcE
movies with over the top recommend,pdaMBWw8vPY
movies with over the top recommend,hVo2qyF_G34
movies with over the top recommend,lIi7Jj32XUc
movies with over the top recommend,_wRoljeeF5k
horror movies for couple recommend,BTQGHcFFrew
horror movies for couple recommend,ZPySelj7LcI
horror movies for couple recommend,wyFwZaig8OQ
horror movies for couple recommend,FJgCxoj2-Z0
political movies recommend,znmI1RkuO4w
political movies recommend,18RgHLh_uRc
political movies recommend,kROZvZpwqjs
political movies recommend,pAO-_oo4_Z8
funny animated movies recommend,ztH5zWZFOVM
funny animated movies recommend,SRww7Uao9fg
funny animated movies recommend,Kyl_P4_-ccM
funny animated movies recommend,qjqkmSIfId4
movies about ancient recommend,-b9SkvnhCR0
movies about ancient recommend,VROwkk4R4Ao
movies about ancient recommend,6bfsydP-2n0
movies about ancient recommend,HyEtaxhqIyU
movies for dad recommend,q8LoBvJEiUU
movies for dad recommend,nk9lyAiSxVk
movies for dad recommend,o8ku6A-G8fU
movies for dad recommend,U_BRt4b76AE
best prequel movies recommend,Xx_bhMjKg2I
best prequel movies recommend,2fh6ePG2bXo
best prequel movies recommend,5-X2LhQXOLM
best prequel movies recommend,RbbwAh_IXeU
animation movie for adults recommend,EGjhZx8ivu8
animation movie for adults recommend,SRww7Uao9fg
animation movie for adults recommend,ztH5zWZFOVM
animation movie for adults recommend,tEaXxIixOoo
movies with awesome robots recommend,GFF8mSJh-CM
movies with awesome robots recommend,UcCSVJ2x-Sk
movies with awesome robots recommend,I5U7pYLbEDM
movies with awesome robots recommend,X246sPrYhUE
good disaster movies recommend,QIBt5EFihmk
good disaster movies recommend,yuxvyOD4qTc
good disaster movies recommend,_nt5kvFPxH4
good disaster movies recommend,W42GuTL6RMw
british movies recommend,bwrP_6AwF04
british movies recommend,7VHeMN4OxSk
british movies recommend,X0eiaOz5XVI
british movies recommend,mHu_ssv1XnY
movies with tomboy character recommend,J4mqdPFGPvk
movies with tomboy character recommend,DEcBpleJ6SU
movies with tomboy character recommend,XD1fW_gsuJ8
movies with tomboy character recommend,6JBlFmhGNtg
movies about best friendship recommend,Q1d80-8DP9c
movies about best friendship recommend,6-Eg_TaGfTI
movies about best friendship recommend,W17yiutBjLY
movies about best friendship recommend,q8LoBvJEiUU
death game movie recommend,TjnKvC2rdfg
death game movie recommend,IUB0l-Tmq80
death game movie recommend,78SrmFGtBUg
death game movie recommend,wNcPxxF32o4
some peaceful movie recommend,U_BRt4b76AE
some peaceful movie recommend,XiLmeZCLUmk
some peaceful movie recommend,BcIsUfUew2c
some peaceful movie recommend,pP4Ot3Nro2A
movies that makes me smile recommend,U_BRt4b76AE
movies that makes me smile recommend,JkZD_6mkcPM
movies that makes me smile recommend,1MeL2OAwg3w
movies that makes me smile recommend,EfVtuSjN3e4
war movies recommend,iIXqdebofEc
war movies recommend,4d9zwsCXKN0
war movies recommend,IdNp-tozp0c
war movies recommend,D8NzHjW8xpU
movies about racism recommend,l2G-OIiDHKY
movies about racism recommend,csV8b7STLbo
movies about racism recommend,1dsT1quV13c
movies about racism recommend,xADT-sJpg7I
movies like sixth sense recommend,idikrXRS8h0
movies like sixth sense recommend,5ihuTMgF_e8
movies like sixth sense recommend,tR-q5bEEVGs
movies like sixth sense recommend,byXgz1gOjAw
movies about exorcism recommend,MLS_28-QHfU
movies about exorcism recommend,jXrpkCEbwwg
movies about exorcism recommend,MVtwKQhCx_w
movies about exorcism recommend,OqAsSoJRE7w
the most realistic movies recommend,_q8NCKx3Pgw
the most realistic movies recommend,lIi7Jj32XUc
the most realistic movies recommend,wfO_VMhVXGg
the most realistic movies recommend,0kcRTNBgqGc
video game movies recommend,6qV-wK2yG4Q
video game movies recommend,4G7XHUqelSg
video game movies recommend,G25wcT3ni5U
video game movies recommend,T2KTcowlwqw
movies like the lord of rings recommend,uNa7l0d08Ao
movies like the lord of rings recommend,cBuQB7cRjGk
movies like the lord of rings recommend,-MwdpQ8XylI
movies like the lord of rings recommend,sTs6S_30PA0
movies about hater turns to lovers recommend,9hEWxxxQFNg
movies about hater turns to lovers recommend,TSN2Dr7GdJ0
movies about hater turns to lovers recommend,bavwnDE7LOw
movies about hater turns to lovers recommend,OD2_EteDM2s
tag movies recommend,Qk4ZWM3JFaI
tag movies recommend,717O96Ic-IE
tag movies recommend,q8LoBvJEiUU
tag movies recommend,o5OgxCsdjWE
007 movies recommend,ukmnsYy1gvA
007 movies recommend,Qiabtsvtj48
007 movies recommend,QLS1ENEs0f4
007 movies recommend,Quw0jgwAM6k
007 (series) movies recommend,eWU3CKs0RoI
007 (series) movies recommend,nIAa5WLygnU
007 (series) movies recommend,3UJ9QFFJ4UQ
007 (series) movies recommend,b7aLX5My-Wo
18th century movies recommend,KYJjjX2nGUA
18th century movies recommend,ZvmJwFa7lWk
18th century movies recommend,DCrXji1ptpw
18th century movies recommend,nLpxRyBZ0h4
1920s movies recommend,pXmpg7Cb-4E
1920s movies recommend,iZvjRPSKzGM
1920s movies recommend,UgtsEh9G8xc
1920s movies recommend,u1Vck9ebkr4
1930s movies recommend,8hmIdXh5cEg
1930s movies recommend,pp6APGUlT18
1930s movies recommend,HlsYQCBV9BU
1930s movies recommend,vvT7vfPuNKg
1950s movies recommend,fWYKxuAU1hs
1950s movies recommend,Z2Ze-1iMp7A
1950s movies recommend,FxkDULiWjJU
1950s movies recommend,rdGVZ48TsrQ
1960s movies recommend,H83RRVQA-kY
1960s movies recommend,QhX9Fpm0q00
1960s movies recommend,Bi57_AYFVTQ
1960s movies recommend,w2kwSW1TdBU
1970s movies recommend,p-3oBvPGnMM
1970s movies recommend,9IMzMmtfI80
1970s movies recommend,sC6mdFDyV3Q
1970s movies recommend,89wfy-li79I
1980s movies recommend,5GBPVaim1eM
1980s movies recommend,16x_bDXW4-Q
1980s movies recommend,CvY7ZFg80eY
1980s movies recommend,-kqNjnIALL4
19th century movies recommend,uDh123d3KNo
19th century movies recommend,g7jTTnIM-aw
19th century movies recommend,Oy7JnCArhWk
19th century movies recommend,CmYtY54mp6A
3d movies recommend,lPz9FfdSWbs
3d movies recommend,9o88h27ec5s
3d movies recommend,JtEVAsUmvwI
3d movies recommend,nM5yvNIIsSM
70mm movies recommend,vC4EozhH5As
70mm movies recommend,6xGXjtpTj4o
70mm movies recommend,i12oWm3v6Ho
70mm movies recommend,-NqzWadw-II
80s movies recommend,o8GkaIDWsZk
80s movies recommend,NxGZRj0QYgg
80s movies recommend,GA8BJiO2eXY
80s movies recommend,_Pajg8kWKFM
9/11 movies recommend,NqgNFGkOjBE
9/11 movies recommend,6Mjzi_n0P1g
9/11 movies recommend,MnyfU1-FdUY
9/11 movies recommend,oG58-Vs838M
aardman movies recommend,xMLmpbzM9sI
aardman movies recommend,87gSm9HLB_0
aardman movies recommend,Yw6GnDPCs0Y
aardman movies recommend,85UBueb_k1s
aardman studios movies recommend,jZvQzkFcKEM
aardman studios movies recommend,E5VhRDTRZfM
aardman studios movies recommend,DcMexOinKhQ
aardman studios movies recommend,o2KRMs0w4Qs
abortion movies recommend,TXjiQpkmX0g
abortion movies recommend,-uvS6BrqpD0
abortion movies recommend,OPaLNa6rqHc
abortion movies recommend,VUUWiEJ81tU
absurd movies recommend,jf81JNeRoas
absurd movies recommend,W_KV_HNeGzw
absurd movies recommend,cKLlWzYo2eE
absurd movies recommend,NpZ0GSsXEv0
action movies recommend,d76c2T0TDgs
action movies recommend,DcUL7jezgxQ
action movies recommend,bxtRnIaVaFA
action movies recommend,vDpgb38sigI
action packed movies recommend,dfzpLxabjws
action packed movies recommend,_Frj0QsZ0Uw
action packed movies recommend,FvskDcPHHuk
action packed movies recommend,-AjcveuylyA
adaptation movies recommend,OBQFTUIflNM
adaptation movies recommend,R4n8u8Zfsvs
adaptation movies recommend,PsSiwgBxRXw
adaptation movies recommend,-WobNvCEMA8
adapted from:book movies recommend,Oo1LqbFcHHs
adapted from:book movies recommend,S21_P_NZJ3A
adapted from:book movies recommend,7VzLq_uAuJo
adapted from:book movies recommend,yCPaJ9IT7MU
adapted from:comic movies recommend,Kjq6igUT1a8
adapted from:comic movies recommend,MT6hhRyR9uk
adapted from:comic movies recommend,eoaKTIeKvtQ
adapted from:comic movies recommend,EPrhk4X0QeI
adapted from:game movies recommend,sROWJ6SYqh4
adapted from:game movies recommend,WA7sX9mBvgo
adapted from:game movies recommend,4G7XHUqelSg
adapted from:game movies recommend,P3zaHJxi0eg
addiction movies recommend,KOZ43xPG_AY
addiction movies recommend,Y9XFosdshU0
addiction movies recommend,dqQ-jFKiwD4
addiction movies recommend,o0rjJK7AGlA
adolescence movies recommend,wFw3Y9kExAA
adolescence movies recommend,vP_uiAC8fFw
adolescence movies recommend,USJP3WY_nF8
adolescence movies recommend,7BnUnE8a2n4
adoption movies recommend,53SIeTixYV4
adoption movies recommend,pVZ1KGjNf1E
adoption movies recommend,1nPF93lR9HY
adoption movies recommend,yZTyd1nzpeI
adultery movies recommend,B7Oh3Sq9IC0
adultery movies recommend,tRRDfMjjJOY
adultery movies recommend,fGoFgp3MlMQ
adultery movies recommend,V8aRMLYY2Uc
adventure movies recommend,CCa-rZ98UC8
adventure movies recommend,4i71swrqlgo
adventure movies recommend,U5kj3t2mC3s
adventure movies recommend,4NnfgbsM4V0
affectionate movies recommend,gX41KKMxJV0
affectionate movies recommend,rLt-2dJRTxs
affectionate movies recommend,IHwoR-UQCjg
affectionate movies recommend,9kfAEJG2Hg0
afi 100 movies recommend,1U05jyPX0sU
afi 100 movies recommend,C-MFRWm2XcM
afi 100 movies recommend,7UYlX1-mj4s
afi 100 movies recommend,HpSrI7ZeEAw
afi 100 (laughs) movies recommend,Uzf43LdYeYU
afi 100 (laughs) movies recommend,ZDBoWA32TvU
afi 100 (laughs) movies recommend,dQyvNOR2nBc
afi 100 (laughs) movies recommend,io-K8ZY6-Do
afi 100 (movie quotes) movies recommend,FdGmA6B3MwE
afi 100 (movie quotes) movies recommend,594Oxq4c0XA
afi 100 (movie quotes) movies recommend,_54wsvvRxoo
afi 100 (movie quotes) movies recommend,-PvbpfBVzSo
africa movies recommend,fnzCdj_VZvE
africa movies recommend,BkX0F7aNDP4
africa movies recommend,4x-ndZnwMWo
africa movies recommend,BhG9I2KdOOY
afterlife movies recommend,vzfOu_UR-p8
afterlife movies recommend,kf3TH20eEj8
afterlife movies recommend,yOTh8UgZ-1c
afterlife movies recommend,TymTs09IvB0
aging movies recommend,BNPIpbbb2DU
aging movies recommend,dzIz0vI5tv0
aging movies recommend,c0FsyC0Qk5Q
aging movies recommend,A4U2pMRV9_k
aids movies recommend,FVfh-z3-wcs
aids movies recommend,UOSezlQyxLc
aids movies recommend,dcnbyln9qsE
aids movies recommend,O38zYpzqdZg
airplane movies recommend,4pHyYe7UOp4
airplane movies recommend,vV0FMprrbDE
airplane movies recommend,ZIjNP027nLM
airplane movies recommend,cPQMLrVCv6w
airport movies recommend,ewlR3__ynu8
airport movies recommend,_wRoljeeF5k
airport movies recommend,mlaDP01U-50
airport movies recommend,wWyv4WYUmig
alaska movies recommend,KpQgDtjuh6g
alaska movies recommend,lpFLIoFPMj0
alaska movies recommend,ErMjSpDkj50
alaska movies recommend,ZbGXTQzjO2w
alcatraz movies recommend,uVtbkyLJR2o
alcatraz movies recommend,LxFqw2NuEVk
alcatraz movies recommend,jkyxnr6C2vQ
alcatraz movies recommend,_pfk1DZJjPs
alcoholism movies recommend,Ci3aC1kUWBA
alcoholism movies recommend,kXQdOQ61nUI
alcoholism movies recommend,77hRSkMt1mY
alcoholism movies recommend,_1gQ4iM6N4M
alien movies recommend,wbSTVSxH9TM
alien movies recommend,P6EyjIvbex8
alien movies recommend,1QuVz7f_cUg
alien movies recommend,_Y1tNkzLEUM
alien invasion movies recommend,M1XPV3Mf8kc
alien invasion movies recommend,DTuMTjg1BsM
alien invasion movies recommend,GxsiFeUqjE4
alien invasion movies recommend,lped4_PnDWU
aliens movies recommend,VlvMHAxUUYk
aliens movies recommend,L-bp2-dzVCw
aliens movies recommend,PqjSFIlYQFQ
aliens movies recommend,gjODck3EP5c
allegory movies recommend,GrlusD_OfIw
allegory movies recommend,CM1s-dKXPsY
allegory movies recommend,K7AHRF9X1i8
allegory movies recommend,_q8NCKx3Pgw
almodovar movies recommend,44MSpJIPuQI
almodovar movies recommend,fMG11G5jQUc
almodovar movies recommend,gpMhr7PdlLA
almodovar movies recommend,A49SyoX3B14
alone in the world movies recommend,vJFh0dQQ0a0
alone in the world movies recommend,VP4P7n8eP0I
alone in the world movies recommend,0eaz9cpYUnQ
alone in the world movies recommend,ZLxaw5Nleqo
alter ego movies recommend,nXQHgbh2bq4
alter ego movies recommend,_XXqWsubkJg
alter ego movies recommend,PqfA0C1wVKM
alter ego movies recommend,ysuSw4sWy4o
alternate endings movies recommend,ToZxb9dzhY0
alternate endings movies recommend,DRsCOTUaqxw
alternate endings movies recommend,29ws5byaevo
alternate endings movies recommend,PRL5EumA9xc
alternate history movies recommend,YvYCpw2B3sw
alternate history movies recommend,y-lD6Eia-GE
alternate history movies recommend,kiim6P-TR1s
alternate history movies recommend,r2bUQ3qLoUk
alternate reality movies recommend,MgsPWgPNDFc
alternate reality movies recommend,TsbO7X4CqNY
alternate reality movies recommend,bTiAt8wg52Y
alternate reality movies recommend,_JbCvtJzsVI
alternate universe movies recommend,NKxjLlSwk6M
alternate universe movies recommend,mbvHtjbCYLg
alternate universe movies recommend,gpfeZ_D9qMU
alternate universe movies recommend,dPW5kUKjmR4
amazing cinematography movies recommend,-orTQ2GGe_c
amazing cinematography movies recommend,7zer1JOOxZQ
amazing cinematography movies recommend,3TNKnPjXMcs
amazing cinematography movies recommend,fy6b8ZaKAWI
amazing photography movies recommend,-WAfHAaRKZA
amazing photography movies recommend,ePh5SZUg3Dk
amazing photography movies recommend,6MwI_R3deIk
amazing photography movies recommend,GFAlsXl_6Ks
american civil war movies recommend,nkvHQh5uYBQ
american civil war movies recommend,RIdfCSX8uKM
american civil war movies recommend,AndsdQO0Wmk
american civil war movies recommend,hEEMDM9e4YA
amnesia movies recommend,vhLpoQvq8C4
amnesia movies recommend,GstoS5T2P9U
amnesia movies recommend,hJnHbXV8_9U
amnesia movies recommend,WnmACbM5rmo
amy smart movies recommend,WRA_I-yeQ7k
amy smart movies recommend,kt-XBUawz2E
amy smart movies recommend,nhy6AzEpcsA
amy smart movies recommend,sM105DZtd5M
android(s)/cyborg(s) movies recommend,E-ErSI1ZGrs
android(s)/cyborg(s) movies recommend,X246sPrYhUE
android(s)/cyborg(s) movies recommend,GFF8mSJh-CM
android(s)/cyborg(s) movies recommend,qghADJ_YnP4
androids movies recommend,onyWejCi39o
androids movies recommend,UcCSVJ2x-Sk
androids movies recommend,8dfUbRDSeOI
androids movies recommend,rZpsPlq5VbQ
animal movie movies recommend,l-HxJ89nVp0
animal movie movies recommend,E6XeGbY2LsY
animal movie movies recommend,WxeQaWF6SOc
animal movie movies recommend,Q4PYmKD1zvo
animals movies recommend,qJ9eYefnKP0
animals movies recommend,NotAB9lnt7A
animals movies recommend,eL41VpVCMzA
animals movies recommend,Qv7aS8DCNOM
animated movies recommend,SRww7Uao9fg
animated movies recommend,ztH5zWZFOVM
animated movies recommend,T3M5HmylK3A
animated movies recommend,feYVo3i9FGU
animation movies recommend,F5REAqS8Ow0
animation movies recommend,Z4iG78kTiu0
animation movies recommend,z6fSAmJPm10
animation movies recommend,QEgBPs4FuQM
anime movies recommend,gMebcEgwc3g
anime movies recommend,bCG62j3_454
anime movies recommend,Vb2HFjM_IkY
anime movies recommend,m8j4-udxq2Y
antarctica movies recommend,K5K6PvCXT3c
antarctica movies recommend,S0xEM7TCU2M
antarctica movies recommend,ZTv5lBU6qQ0
antarctica movies recommend,hVo2qyF_G34
anti-hero movies recommend,0WZWNFazQ18
anti-hero movies recommend,7xLoJ1ZhgTI
anti-hero movies recommend,HnN5Qv4ryVo
anti-hero movies recommend,-Cp9HcZHqe4
anti-semitism movies recommend,WxWyHshdsd4
anti-semitism movies recommend,tGPEz9up_5Y
anti-semitism movies recommend,ZnHuZSOf41E
anti-semitism movies recommend,XwClhDoekNw
anti-war movies recommend,675NWX9kq_0
anti-war movies recommend,yf0G2MPBEYM
anti-war movies recommend,3ChlJ1pdWlQ
anti-war movies recommend,ujW0ePNvTuI
apocalypse movies recommend,m2BUhd9kiGk
apocalypse movies recommend,Phb9DYNIvSo
apocalypse movies recommend,ao5BZFIBvZ8
apocalypse movies recommend,lsWCanNBCmM
archaeology movies recommend,dgrOWhvVXUI
archaeology movies recommend,G9lympO659U
archaeology movies recommend,DmKU44ZeuRQ
archaeology movies recommend,J7wSTmhrZr0
argentina movies recommend,SHDHP75-FCQ
argentina movies recommend,4ZoLBRKfozI
argentina movies recommend,T8ILovV0UDY
argentina movies recommend,EISb2tD5ehQ
arms dealer movies recommend,Q2znm1ipjlU
arms dealer movies recommend,FDr6U2tpCN8
arms dealer movies recommend,uQyXJN7OfeI
arms dealer movies recommend,yORN-8_C35A
arnold movies recommend,-vBAMxHFDZ0
arnold movies recommend,5NcnYYQ9rno
arnold movies recommend,G1PxrQiIq9Q
arnold movies recommend,c-hCdZf9BH4
art movies recommend,gGoXL9iro0s
art movies recommend,Wo5IILSy3fo
art movies recommend,7MB1VRT57tc
art movies recommend,oda--hejSdg
art house movies recommend,q0jd2r4O1JA
art house movies recommend,49S4m1zvPiI
art house movies recommend,4e7LYC1yY3c
art house movies recommend,USzDLCeQHoQ
artificial intelligence movies recommend,MzKack4rEpM
artificial intelligence movies recommend,i1ja9VlZZmM
artificial intelligence movies recommend,0_sJsPkxfjA
artificial intelligence movies recommend,ETNgVsOCkSQ
artist movies recommend,JZsBSa7V6mA
artist movies recommend,iJU04t6m96g
artist movies recommend,qIqb0C2xnxw
artist movies recommend,l9EHXC2sYcY
artistic movies recommend,F2XqhDQfn6Y
artsy movies recommend,__AIznPNvCs
artsy movies recommend,sg3yWTPpoBI
assassin movies recommend,xu98fNxZsFA
assassin movies recommend,IrP3JsYMUIg
assassin movies recommend,2PWCAZCKQAQ
assassin movies recommend,jRge8jAxfAc
assassination movies recommend,M1W9p4bB8rM
assassination movies recommend,2SblMI1TEsE
assassination movies recommend,5zWU-tLCWIw
assassination movies recommend,zXq3KycaNZ8
assassins movies recommend,p-_bAdkFCZQ
assassins movies recommend,zIVDwQUiA_4
assassins movies recommend,kq84f_lnnek
assassins movies recommend,RQxLLS_4ZFg
astronauts movies recommend,3RkhZgRNC1k
astronauts movies recommend,i1TWEW9ym0E
astronauts movies recommend,OntjPCzggYE
astronauts movies recommend,05F5elMtc2Y
atheism movies recommend,bMdG6BrMifA
atheism movies recommend,jm-iKLqCI3c
atheism movies recommend,V33wrGG3sGQ
atheism movies recommend,ccAxVPI5ydY
atmospheric movies recommend,icS7AVKffCY
atmospheric movies recommend,laenJo0H3LU
atmospheric movies recommend,lIi7Jj32XUc
atmospheric movies recommend,mQ2chZGiL7M
australia movies recommend,XYONuAsDKbI
australia movies recommend,as2eUx_TQ8Q
australia movies recommend,jO__bgz54O0
australia movies recommend,PMpyIN_DYI4
australian movies recommend,djWC4r8DEmQ
australian movies recommend,IYsCFG-25Ek
australian movies recommend,EB26JKIfdcM
australian movies recommend,Iy-0JJm1re0
autism movies recommend,Ac_t1AshLzw
autism movies recommend,TIwxY5LJZrY
autism movies recommend,dFe0g4BDtFY
autism movies recommend,MBeZeniOR4c
aviation movies recommend,L2BkfqspFwA
aviation movies recommend,-Au5hGmlCyI
aviation movies recommend,LXC5ctzg91s
aviation movies recommend,lEFOwzi6G-c
awesome movies recommend,HcUrvZbpcQc
awesome movies recommend,-KBBnTWp8h8
awesome movies recommend,pdaMBWw8vPY
awesome soundtrack movies recommend,qeShh31BNtc
awesome soundtrack movies recommend,8H29XVCOt8M
awesome soundtrack movies recommend,ErS7HZFBKNs
awesome soundtrack movies recommend,HL0cPmVrgnk
awful movies recommend,Qurn21-vTNo
awful movies recommend,DggrYhqQrRg
awful movies recommend,oqvY7jqUcjE
awful movies recommend,_T4V4O6K2Ls
bad movies recommend,oqP59XilR4Y
bad movies recommend,BoB_nS19eVo
bad movies recommend,dgeBdg76JHQ
bad movies recommend,O5ROSS9ReUY
bad acting movies recommend,d2BKT-8FD4s
bad acting movies recommend,e4Q24EyngDY
bad acting movies recommend,54LP69W0RlE
bad acting movies recommend,EqGPnYWt9uI
bad cgi movies recommend,ViDFIJmSwmQ
bad cgi movies recommend,coT1iRnw4is
bad cgi movies recommend,snIRaQmUbAI
bad cgi movies recommend,blZGns7QGCo
bad ending movies recommend,zEqxXjf4TBI
bad ending movies recommend,aPWLO4wMCjU
bad ending movies recommend,Y1rOI35m1AM
bad ending movies recommend,0-UHWgAGyD0
bad plot movies recommend,vTYt-qzkPnE
bad plot movies recommend,xt-wNhCvrb4
bad plot movies recommend,Ax1Cy9sh7_M
bad plot movies recommend,qWsGx6tV1es
bad science movies recommend,M7U6nW6d9dw
bad science movies recommend,IAF9heUKDjc
bad science movies recommend,f74SwhrLmZQ
bad science movies recommend,kNgWwbSults
bad script movies recommend,UTNzaFR933w
bad script movies recommend,1eSblXoe8nI
bad script movies recommend,XWS3GCXIAAE
bad script movies recommend,SY4BkYKNtNI
